cell_id,material_id,material,role,region,x_um,y_um,z_um,thickness_um,coverage_ratio,issues,scope,source_kind
"cell-0","1","Si device/substrate","bulk","lower substrate","-1.2650000000000001","-1.04","0.05","","","","device","demo"
"cell-1","1","Si device/substrate","bulk","lower substrate","-1.5099999999999998","-0.56","0.05","","","","device","demo"
"cell-2","1","Si device/substrate","bulk","lower substrate","-1.755","-0.56","0.1","","","","device","demo"
"cell-3","1","Si device/substrate","bulk","lower substrate","-1.755","-1.04","0.15000000000000002","","","","device","demo"
"cell-4","1","Si device/substrate","bulk","lower substrate","-1.5099999999999998","-1.52","0.15000000000000002","","","","device","demo"
"cell-5","1","Si device/substrate","bulk","lower substrate","-1.2650000000000001","-1.52","0.1","","","","device","demo"
"cell-6","1","Si device/substrate","bulk","lower substrate","-1.005","-1.04","0.05","","","","device","demo"
"cell-7","1","Si device/substrate","bulk","lower substrate","-1.01","-0.56","0.05","","","","device","demo"
"cell-8","1","Si device/substrate","bulk","lower substrate","-1.0150000000000001","-0.56","0.1","","","","device","demo"
"cell-9","1","Si device/substrate","bulk","lower substrate","-1.0150000000000001","-1.04","0.15000000000000002","","","","device","demo"
"cell-10","1","Si device/substrate","bulk","lower substrate","-1.01","-1.52","0.15000000000000002","","","","device","demo"
"cell-11","1","Si device/substrate","bulk","lower substrate","-1.005","-1.52","0.1","","","","device","demo"
"cell-12","1","Si device/substrate","bulk","device terrace","-0.25","-1.04","0.05","","","","device","demo"
"cell-13","1","Si device/substrate","bulk","device terrace","-0.5","-0.56","0.05","","","","device","demo"
"cell-14","1","Si device/substrate","bulk","device terrace","-0.75","-0.56","0.1","","","","device","demo"
"cell-15","1","Si device/substrate","bulk","device terrace","-0.75","-1.04","0.15000000000000002","","","","device","demo"
"cell-16","1","Si device/substrate","bulk","device terrace","-0.5","-1.52","0.15000000000000002","","","","device","demo"
"cell-17","1","Si device/substrate","bulk","device terrace","-0.25","-1.52","0.1","","","","device","demo"
"cell-18","1","Si device/substrate","bulk","device terrace","0.75","-1.04","0.05","","","","device","demo"
"cell-19","1","Si device/substrate","bulk","device terrace","0.5","-0.56","0.05","","","","device","demo"
"cell-20","1","Si device/substrate","bulk","device terrace","0.25","-0.56","0.1","","","","device","demo"
"cell-21","1","Si device/substrate","bulk","device terrace","0.25","-1.04","0.15000000000000002","","","","device","demo"
"cell-22","1","Si device/substrate","bulk","device terrace","0.5","-1.52","0.15000000000000002","","","","device","demo"
"cell-23","1","Si device/substrate","bulk","device terrace","0.75","-1.52","0.1","","","","device","demo"
"cell-24","1","Si device/substrate","bulk","lower substrate","1.0150000000000001","-1.04","0.05","","","","device","demo"
"cell-25","1","Si device/substrate","bulk","lower substrate","1.01","-0.56","0.05","","","","device","demo"
"cell-26","1","Si device/substrate","bulk","lower substrate","1.005","-0.56","0.1","","","","device","demo"
"cell-27","1","Si device/substrate","bulk","lower substrate","1.005","-1.04","0.15000000000000002","","","","device","demo"
"cell-28","1","Si device/substrate","bulk","lower substrate","1.01","-1.52","0.15000000000000002","","","","device","demo"
"cell-29","1","Si device/substrate","bulk","lower substrate","1.0150000000000001","-1.52","0.1","","","","device","demo"
"cell-30","1","Si device/substrate","bulk","lower substrate","1.755","-1.04","0.05","","","","device","demo"
"cell-31","1","Si device/substrate","bulk","lower substrate","1.51","-0.56","0.05","","","","device","demo"
"cell-32","1","Si device/substrate","bulk","lower substrate","1.2650000000000001","-0.56","0.1","","","","device","demo"
"cell-33","1","Si device/substrate","bulk","lower substrate","1.2650000000000001","-1.04","0.15000000000000002","","","","device","demo"
"cell-34","1","Si device/substrate","bulk","lower substrate","1.51","-1.52","0.15000000000000002","","","","device","demo"
"cell-35","1","Si device/substrate","bulk","lower substrate","1.755","-1.52","0.1","","","","device","demo"
"cell-36","1","Si device/substrate","bulk","lower substrate","-1.2650000000000001","-0.04","0.05","","","","device","demo"
"cell-37","1","Si device/substrate","bulk","lower substrate","-1.5099999999999998","-0.02","0.05","","","","device","demo"
"cell-38","1","Si device/substrate","bulk","lower substrate","-1.755","-0.02","0.1","","","","device","demo"
"cell-39","1","Si device/substrate","bulk","lower substrate","-1.755","-0.04","0.15000000000000002","","","","device","demo"
"cell-40","1","Si device/substrate","bulk","lower substrate","-1.5099999999999998","-0.06","0.15000000000000002","","","","device","demo"
"cell-41","1","Si device/substrate","bulk","lower substrate","-1.2650000000000001","-0.06","0.1","","","","device","demo"
"cell-42","1","Si device/substrate","bulk","lower substrate","-1.005","-0.04","0.05","","","","device","demo"
"cell-43","1","Si device/substrate","bulk","lower substrate","-1.01","-0.02","0.05","","","","device","demo"
"cell-44","1","Si device/substrate","bulk","lower substrate","-1.0150000000000001","-0.02","0.1","","","","device","demo"
"cell-45","1","Si device/substrate","bulk","lower substrate","-1.0150000000000001","-0.04","0.15000000000000002","","","","device","demo"
"cell-46","1","Si device/substrate","bulk","lower substrate","-1.01","-0.06","0.15000000000000002","","","","device","demo"
"cell-47","1","Si device/substrate","bulk","lower substrate","-1.005","-0.06","0.1","","","","device","demo"
"cell-48","1","Si device/substrate","bulk","device terrace","-0.25","-0.04","0.05","","","","device","demo"
"cell-49","1","Si device/substrate","bulk","device terrace","-0.5","-0.02","0.05","","","","device","demo"
"cell-50","1","Si device/substrate","bulk","device terrace","-0.75","-0.02","0.1","","","","device","demo"
"cell-51","1","Si device/substrate","bulk","device terrace","-0.75","-0.04","0.15000000000000002","","","","device","demo"
"cell-52","1","Si device/substrate","bulk","device terrace","-0.5","-0.06","0.15000000000000002","","","","device","demo"
"cell-53","1","Si device/substrate","bulk","device terrace","-0.25","-0.06","0.1","","","","device","demo"
"cell-54","1","Si device/substrate","bulk","device terrace","0.75","-0.04","0.05","","","","device","demo"
"cell-55","1","Si device/substrate","bulk","device terrace","0.5","-0.02","0.05","","","","device","demo"
"cell-56","1","Si device/substrate","bulk","device terrace","0.25","-0.02","0.1","","","","device","demo"
"cell-57","1","Si device/substrate","bulk","device terrace","0.25","-0.04","0.15000000000000002","","","","device","demo"
"cell-58","1","Si device/substrate","bulk","device terrace","0.5","-0.06","0.15000000000000002","","","","device","demo"
"cell-59","1","Si device/substrate","bulk","device terrace","0.75","-0.06","0.1","","","","device","demo"
"cell-60","1","Si device/substrate","bulk","lower substrate","1.0150000000000001","-0.04","0.05","","","","device","demo"
"cell-61","1","Si device/substrate","bulk","lower substrate","1.01","-0.02","0.05","","","","device","demo"
"cell-62","1","Si device/substrate","bulk","lower substrate","1.005","-0.02","0.1","","","","device","demo"
"cell-63","1","Si device/substrate","bulk","lower substrate","1.005","-0.04","0.15000000000000002","","","","device","demo"
"cell-64","1","Si device/substrate","bulk","lower substrate","1.01","-0.06","0.15000000000000002","","","","device","demo"
"cell-65","1","Si device/substrate","bulk","lower substrate","1.0150000000000001","-0.06","0.1","","","","device","demo"
"cell-66","1","Si device/substrate","bulk","lower substrate","1.755","-0.04","0.05","","","","device","demo"
"cell-67","1","Si device/substrate","bulk","lower substrate","1.51","-0.02","0.05","","","","device","demo"
"cell-68","1","Si device/substrate","bulk","lower substrate","1.2650000000000001","-0.02","0.1","","","","device","demo"
"cell-69","1","Si device/substrate","bulk","lower substrate","1.2650000000000001","-0.04","0.15000000000000002","","","","device","demo"
"cell-70","1","Si device/substrate","bulk","lower substrate","1.51","-0.06","0.15000000000000002","","","","device","demo"
"cell-71","1","Si device/substrate","bulk","lower substrate","1.755","-0.06","0.1","","","","device","demo"
"cell-72","1","Si device/substrate","bulk","lower substrate","-1.2650000000000001","0.04","0.05","","","","device","demo"
"cell-73","1","Si device/substrate","bulk","lower substrate","-1.5099999999999998","0.06","0.05","","","","device","demo"
"cell-74","1","Si device/substrate","bulk","lower substrate","-1.755","0.06","0.1","","","","device","demo"
"cell-75","1","Si device/substrate","bulk","lower substrate","-1.755","0.04","0.15000000000000002","","","","device","demo"
"cell-76","1","Si device/substrate","bulk","lower substrate","-1.5099999999999998","0.02","0.15000000000000002","","","","device","demo"
"cell-77","1","Si device/substrate","bulk","lower substrate","-1.2650000000000001","0.02","0.1","","","","device","demo"
"cell-78","1","Si device/substrate","bulk","lower substrate","-1.005","0.04","0.05","","","","device","demo"
"cell-79","1","Si device/substrate","bulk","lower substrate","-1.01","0.06","0.05","","","","device","demo"
"cell-80","1","Si device/substrate","bulk","lower substrate","-1.0150000000000001","0.06","0.1","","","","device","demo"
"cell-81","1","Si device/substrate","bulk","lower substrate","-1.0150000000000001","0.04","0.15000000000000002","","","","device","demo"
"cell-82","1","Si device/substrate","bulk","lower substrate","-1.01","0.02","0.15000000000000002","","","","device","demo"
"cell-83","1","Si device/substrate","bulk","lower substrate","-1.005","0.02","0.1","","","","device","demo"
"cell-84","1","Si device/substrate","bulk","device terrace","-0.25","0.04","0.05","","","","device","demo"
"cell-85","1","Si device/substrate","bulk","device terrace","-0.5","0.06","0.05","","","","device","demo"
"cell-86","1","Si device/substrate","bulk","device terrace","-0.75","0.06","0.1","","","","device","demo"
"cell-87","1","Si device/substrate","bulk","device terrace","-0.75","0.04","0.15000000000000002","","","","device","demo"
"cell-88","1","Si device/substrate","bulk","device terrace","-0.5","0.02","0.15000000000000002","","","","device","demo"
"cell-89","1","Si device/substrate","bulk","device terrace","-0.25","0.02","0.1","","","","device","demo"
"cell-90","1","Si device/substrate","bulk","device terrace","0.75","0.04","0.05","","","","device","demo"
"cell-91","1","Si device/substrate","bulk","device terrace","0.5","0.06","0.05","","","","device","demo"
"cell-92","1","Si device/substrate","bulk","device terrace","0.25","0.06","0.1","","","","device","demo"
"cell-93","1","Si device/substrate","bulk","device terrace","0.25","0.04","0.15000000000000002","","","","device","demo"
"cell-94","1","Si device/substrate","bulk","device terrace","0.5","0.02","0.15000000000000002","","","","device","demo"
"cell-95","1","Si device/substrate","bulk","device terrace","0.75","0.02","0.1","","","","device","demo"
"cell-96","1","Si device/substrate","bulk","lower substrate","1.0150000000000001","0.04","0.05","","","","device","demo"
"cell-97","1","Si device/substrate","bulk","lower substrate","1.01","0.06","0.05","","","","device","demo"
"cell-98","1","Si device/substrate","bulk","lower substrate","1.005","0.06","0.1","","","","device","demo"
"cell-99","1","Si device/substrate","bulk","lower substrate","1.005","0.04","0.15000000000000002","","","","device","demo"
"cell-100","1","Si device/substrate","bulk","lower substrate","1.01","0.02","0.15000000000000002","","","","device","demo"
"cell-101","1","Si device/substrate","bulk","lower substrate","1.0150000000000001","0.02","0.1","","","","device","demo"
"cell-102","1","Si device/substrate","bulk","lower substrate","1.755","0.04","0.05","","","","device","demo"
"cell-103","1","Si device/substrate","bulk","lower substrate","1.51","0.06","0.05","","","","device","demo"
"cell-104","1","Si device/substrate","bulk","lower substrate","1.2650000000000001","0.06","0.1","","","","device","demo"
"cell-105","1","Si device/substrate","bulk","lower substrate","1.2650000000000001","0.04","0.15000000000000002","","","","device","demo"
"cell-106","1","Si device/substrate","bulk","lower substrate","1.51","0.02","0.15000000000000002","","","","device","demo"
"cell-107","1","Si device/substrate","bulk","lower substrate","1.755","0.02","0.1","","","","device","demo"
"cell-108","1","Si device/substrate","bulk","lower substrate","-1.2650000000000001","1.04","0.05","","","","device","demo"
"cell-109","1","Si device/substrate","bulk","lower substrate","-1.5099999999999998","1.52","0.05","","","","device","demo"
"cell-110","1","Si device/substrate","bulk","lower substrate","-1.755","1.52","0.1","","","","device","demo"
"cell-111","1","Si device/substrate","bulk","lower substrate","-1.755","1.04","0.15000000000000002","","","","device","demo"
"cell-112","1","Si device/substrate","bulk","lower substrate","-1.5099999999999998","0.56","0.15000000000000002","","","","device","demo"
"cell-113","1","Si device/substrate","bulk","lower substrate","-1.2650000000000001","0.56","0.1","","","","device","demo"
"cell-114","1","Si device/substrate","bulk","lower substrate","-1.005","1.04","0.05","","","","device","demo"
"cell-115","1","Si device/substrate","bulk","lower substrate","-1.01","1.52","0.05","","","","device","demo"
"cell-116","1","Si device/substrate","bulk","lower substrate","-1.0150000000000001","1.52","0.1","","","","device","demo"
"cell-117","1","Si device/substrate","bulk","lower substrate","-1.0150000000000001","1.04","0.15000000000000002","","","","device","demo"
"cell-118","1","Si device/substrate","bulk","lower substrate","-1.01","0.56","0.15000000000000002","","","","device","demo"
"cell-119","1","Si device/substrate","bulk","lower substrate","-1.005","0.56","0.1","","","","device","demo"
"cell-120","1","Si device/substrate","bulk","device terrace","-0.25","1.04","0.05","","","","device","demo"
"cell-121","1","Si device/substrate","bulk","device terrace","-0.5","1.52","0.05","","","","device","demo"
"cell-122","1","Si device/substrate","bulk","device terrace","-0.75","1.52","0.1","","","","device","demo"
"cell-123","1","Si device/substrate","bulk","device terrace","-0.75","1.04","0.15000000000000002","","","","device","demo"
"cell-124","1","Si device/substrate","bulk","device terrace","-0.5","0.56","0.15000000000000002","","","","device","demo"
"cell-125","1","Si device/substrate","bulk","device terrace","-0.25","0.56","0.1","","","","device","demo"
"cell-126","1","Si device/substrate","bulk","device terrace","0.75","1.04","0.05","","","","device","demo"
"cell-127","1","Si device/substrate","bulk","device terrace","0.5","1.52","0.05","","","","device","demo"
"cell-128","1","Si device/substrate","bulk","device terrace","0.25","1.52","0.1","","","","device","demo"
"cell-129","1","Si device/substrate","bulk","device terrace","0.25","1.04","0.15000000000000002","","","","device","demo"
"cell-130","1","Si device/substrate","bulk","device terrace","0.5","0.56","0.15000000000000002","","","","device","demo"
"cell-131","1","Si device/substrate","bulk","device terrace","0.75","0.56","0.1","","","","device","demo"
"cell-132","1","Si device/substrate","bulk","lower substrate","1.0150000000000001","1.04","0.05","","","","device","demo"
"cell-133","1","Si device/substrate","bulk","lower substrate","1.01","1.52","0.05","","","","device","demo"
"cell-134","1","Si device/substrate","bulk","lower substrate","1.005","1.52","0.1","","","","device","demo"
"cell-135","1","Si device/substrate","bulk","lower substrate","1.005","1.04","0.15000000000000002","","","","device","demo"
"cell-136","1","Si device/substrate","bulk","lower substrate","1.01","0.56","0.15000000000000002","","","","device","demo"
"cell-137","1","Si device/substrate","bulk","lower substrate","1.0150000000000001","0.56","0.1","","","","device","demo"
"cell-138","1","Si device/substrate","bulk","lower substrate","1.755","1.04","0.05","","","","device","demo"
"cell-139","1","Si device/substrate","bulk","lower substrate","1.51","1.52","0.05","","","","device","demo"
"cell-140","1","Si device/substrate","bulk","lower substrate","1.2650000000000001","1.52","0.1","","","","device","demo"
"cell-141","1","Si device/substrate","bulk","lower substrate","1.2650000000000001","1.04","0.15000000000000002","","","","device","demo"
"cell-142","1","Si device/substrate","bulk","lower substrate","1.51","0.56","0.15000000000000002","","","","device","demo"
"cell-143","1","Si device/substrate","bulk","lower substrate","1.755","0.56","0.1","","","","device","demo"
"cell-144","1","Si device/substrate","bulk","lower substrate","-1.2650000000000001","-1.04","0.275","","","","device","demo"
"cell-145","1","Si device/substrate","bulk","lower substrate","-1.5099999999999998","-0.56","0.275","","","","device","demo"
"cell-146","1","Si device/substrate","bulk","lower substrate","-1.755","-0.56","0.35","","","","device","demo"
"cell-147","1","Si device/substrate","bulk","lower substrate","-1.755","-1.04","0.425","","","","device","demo"
"cell-148","1","Si device/substrate","bulk","lower substrate","-1.5099999999999998","-1.52","0.425","","","","device","demo"
"cell-149","1","Si device/substrate","bulk","lower substrate","-1.2650000000000001","-1.52","0.35","","","","device","demo"
"cell-150","1","Si device/substrate","bulk","lower substrate","-1.005","-1.04","0.275","","","","device","demo"
"cell-151","1","Si device/substrate","bulk","lower substrate","-1.01","-0.56","0.275","","","","device","demo"
"cell-152","1","Si device/substrate","bulk","lower substrate","-1.0150000000000001","-0.56","0.35","","","","device","demo"
"cell-153","1","Si device/substrate","bulk","lower substrate","-1.0150000000000001","-1.04","0.425","","","","device","demo"
"cell-154","1","Si device/substrate","bulk","lower substrate","-1.01","-1.52","0.425","","","","device","demo"
"cell-155","1","Si device/substrate","bulk","lower substrate","-1.005","-1.52","0.35","","","","device","demo"
"cell-156","1","Si device/substrate","bulk","device terrace","-0.25","-1.04","0.275","","","","device","demo"
"cell-157","1","Si device/substrate","bulk","device terrace","-0.5","-0.56","0.275","","","","device","demo"
"cell-158","1","Si device/substrate","bulk","device terrace","-0.75","-0.56","0.35","","","","device","demo"
"cell-159","1","Si device/substrate","bulk","device terrace","-0.75","-1.04","0.425","","","","device","demo"
"cell-160","1","Si device/substrate","bulk","device terrace","-0.5","-1.52","0.425","","","","device","demo"
"cell-161","1","Si device/substrate","bulk","device terrace","-0.25","-1.52","0.35","","","","device","demo"
"cell-162","1","Si device/substrate","bulk","device terrace","0.75","-1.04","0.275","","","","device","demo"
"cell-163","1","Si device/substrate","bulk","device terrace","0.5","-0.56","0.275","","","","device","demo"
"cell-164","1","Si device/substrate","bulk","device terrace","0.25","-0.56","0.35","","","","device","demo"
"cell-165","1","Si device/substrate","bulk","device terrace","0.25","-1.04","0.425","","","","device","demo"
"cell-166","1","Si device/substrate","bulk","device terrace","0.5","-1.52","0.425","","","","device","demo"
"cell-167","1","Si device/substrate","bulk","device terrace","0.75","-1.52","0.35","","","","device","demo"
"cell-168","1","Si device/substrate","bulk","lower substrate","1.0150000000000001","-1.04","0.275","","","","device","demo"
"cell-169","1","Si device/substrate","bulk","lower substrate","1.01","-0.56","0.275","","","","device","demo"
"cell-170","1","Si device/substrate","bulk","lower substrate","1.005","-0.56","0.35","","","","device","demo"
"cell-171","1","Si device/substrate","bulk","lower substrate","1.005","-1.04","0.425","","","","device","demo"
"cell-172","1","Si device/substrate","bulk","lower substrate","1.01","-1.52","0.425","","","","device","demo"
"cell-173","1","Si device/substrate","bulk","lower substrate","1.0150000000000001","-1.52","0.35","","","","device","demo"
"cell-174","1","Si device/substrate","bulk","lower substrate","1.755","-1.04","0.275","","","","device","demo"
"cell-175","1","Si device/substrate","bulk","lower substrate","1.51","-0.56","0.275","","","","device","demo"
"cell-176","1","Si device/substrate","bulk","lower substrate","1.2650000000000001","-0.56","0.35","","","","device","demo"
"cell-177","1","Si device/substrate","bulk","lower substrate","1.2650000000000001","-1.04","0.425","","","","device","demo"
"cell-178","1","Si device/substrate","bulk","lower substrate","1.51","-1.52","0.425","","","","device","demo"
"cell-179","1","Si device/substrate","bulk","lower substrate","1.755","-1.52","0.35","","","","device","demo"
"cell-180","1","Si device/substrate","bulk","lower substrate","-1.2650000000000001","-0.04","0.275","","","","device","demo"
"cell-181","1","Si device/substrate","bulk","lower substrate","-1.5099999999999998","-0.02","0.275","","","","device","demo"
"cell-182","1","Si device/substrate","bulk","lower substrate","-1.755","-0.02","0.35","","","","device","demo"
"cell-183","1","Si device/substrate","bulk","lower substrate","-1.755","-0.04","0.425","","","","device","demo"
"cell-184","1","Si device/substrate","bulk","lower substrate","-1.5099999999999998","-0.06","0.425","","","","device","demo"
"cell-185","1","Si device/substrate","bulk","lower substrate","-1.2650000000000001","-0.06","0.35","","","","device","demo"
"cell-186","1","Si device/substrate","bulk","lower substrate","-1.005","-0.04","0.275","","","","device","demo"
"cell-187","1","Si device/substrate","bulk","lower substrate","-1.01","-0.02","0.275","","","","device","demo"
"cell-188","1","Si device/substrate","bulk","lower substrate","-1.0150000000000001","-0.02","0.35","","","","device","demo"
"cell-189","1","Si device/substrate","bulk","lower substrate","-1.0150000000000001","-0.04","0.425","","","","device","demo"
"cell-190","1","Si device/substrate","bulk","lower substrate","-1.01","-0.06","0.425","","","","device","demo"
"cell-191","1","Si device/substrate","bulk","lower substrate","-1.005","-0.06","0.35","","","","device","demo"
"cell-192","1","Si device/substrate","bulk","device terrace","-0.25","-0.04","0.275","","","","device","demo"
"cell-193","1","Si device/substrate","bulk","device terrace","-0.5","-0.02","0.275","","","","device","demo"
"cell-194","1","Si device/substrate","bulk","device terrace","-0.75","-0.02","0.35","","","","device","demo"
"cell-195","1","Si device/substrate","bulk","device terrace","-0.75","-0.04","0.425","","","","device","demo"
"cell-196","1","Si device/substrate","bulk","device terrace","-0.5","-0.06","0.425","","","","device","demo"
"cell-197","1","Si device/substrate","bulk","device terrace","-0.25","-0.06","0.35","","","","device","demo"
"cell-198","0","Void / air","void","sealed hole","0.75","-0.04","0.275","","","","device","demo"
"cell-199","0","Void / air","void","sealed hole","0.5","-0.02","0.275","","","","device","demo"
"cell-200","0","Void / air","void","sealed hole","0.25","-0.02","0.35","","","","device","demo"
"cell-201","0","Void / air","void","sealed hole","0.25","-0.04","0.425","","","","device","demo"
"cell-202","0","Void / air","void","sealed hole","0.5","-0.06","0.425","","","","device","demo"
"cell-203","0","Void / air","void","sealed hole","0.75","-0.06","0.35","","","","device","demo"
"cell-204","1","Si device/substrate","bulk","lower substrate","1.0150000000000001","-0.04","0.275","","","","device","demo"
"cell-205","1","Si device/substrate","bulk","lower substrate","1.01","-0.02","0.275","","","","device","demo"
"cell-206","1","Si device/substrate","bulk","lower substrate","1.005","-0.02","0.35","","","","device","demo"
"cell-207","1","Si device/substrate","bulk","lower substrate","1.005","-0.04","0.425","","","","device","demo"
"cell-208","1","Si device/substrate","bulk","lower substrate","1.01","-0.06","0.425","","","","device","demo"
"cell-209","1","Si device/substrate","bulk","lower substrate","1.0150000000000001","-0.06","0.35","","","","device","demo"
"cell-210","1","Si device/substrate","bulk","lower substrate","1.755","-0.04","0.275","","","","device","demo"
"cell-211","1","Si device/substrate","bulk","lower substrate","1.51","-0.02","0.275","","","","device","demo"
"cell-212","1","Si device/substrate","bulk","lower substrate","1.2650000000000001","-0.02","0.35","","","","device","demo"
"cell-213","1","Si device/substrate","bulk","lower substrate","1.2650000000000001","-0.04","0.425","","","","device","demo"
"cell-214","1","Si device/substrate","bulk","lower substrate","1.51","-0.06","0.425","","","","device","demo"
"cell-215","1","Si device/substrate","bulk","lower substrate","1.755","-0.06","0.35","","","","device","demo"
"cell-216","1","Si device/substrate","bulk","lower substrate","-1.2650000000000001","0.04","0.275","","","","device","demo"
"cell-217","1","Si device/substrate","bulk","lower substrate","-1.5099999999999998","0.06","0.275","","","","device","demo"
"cell-218","1","Si device/substrate","bulk","lower substrate","-1.755","0.06","0.35","","","","device","demo"
"cell-219","1","Si device/substrate","bulk","lower substrate","-1.755","0.04","0.425","","","","device","demo"
"cell-220","1","Si device/substrate","bulk","lower substrate","-1.5099999999999998","0.02","0.425","","","","device","demo"
"cell-221","1","Si device/substrate","bulk","lower substrate","-1.2650000000000001","0.02","0.35","","","","device","demo"
"cell-222","1","Si device/substrate","bulk","lower substrate","-1.005","0.04","0.275","","","","device","demo"
"cell-223","1","Si device/substrate","bulk","lower substrate","-1.01","0.06","0.275","","","","device","demo"
"cell-224","1","Si device/substrate","bulk","lower substrate","-1.0150000000000001","0.06","0.35","","","","device","demo"
"cell-225","1","Si device/substrate","bulk","lower substrate","-1.0150000000000001","0.04","0.425","","","","device","demo"
"cell-226","1","Si device/substrate","bulk","lower substrate","-1.01","0.02","0.425","","","","device","demo"
"cell-227","1","Si device/substrate","bulk","lower substrate","-1.005","0.02","0.35","","","","device","demo"
"cell-228","1","Si device/substrate","bulk","device terrace","-0.25","0.04","0.275","","","","device","demo"
"cell-229","1","Si device/substrate","bulk","device terrace","-0.5","0.06","0.275","","","","device","demo"
"cell-230","1","Si device/substrate","bulk","device terrace","-0.75","0.06","0.35","","","","device","demo"
"cell-231","1","Si device/substrate","bulk","device terrace","-0.75","0.04","0.425","","","","device","demo"
"cell-232","1","Si device/substrate","bulk","device terrace","-0.5","0.02","0.425","","","","device","demo"
"cell-233","1","Si device/substrate","bulk","device terrace","-0.25","0.02","0.35","","","","device","demo"
"cell-234","0","Void / air","void","sealed hole","0.75","0.04","0.275","","","","device","demo"
"cell-235","0","Void / air","void","sealed hole","0.5","0.06","0.275","","","","device","demo"
"cell-236","0","Void / air","void","sealed hole","0.25","0.06","0.35","","","","device","demo"
"cell-237","0","Void / air","void","sealed hole","0.25","0.04","0.425","","","","device","demo"
"cell-238","0","Void / air","void","sealed hole","0.5","0.02","0.425","","","","device","demo"
"cell-239","0","Void / air","void","sealed hole","0.75","0.02","0.35","","","","device","demo"
"cell-240","1","Si device/substrate","bulk","lower substrate","1.0150000000000001","0.04","0.275","","","","device","demo"
"cell-241","1","Si device/substrate","bulk","lower substrate","1.01","0.06","0.275","","","","device","demo"
"cell-242","1","Si device/substrate","bulk","lower substrate","1.005","0.06","0.35","","","","device","demo"
"cell-243","1","Si device/substrate","bulk","lower substrate","1.005","0.04","0.425","","","","device","demo"
"cell-244","1","Si device/substrate","bulk","lower substrate","1.01","0.02","0.425","","","","device","demo"
"cell-245","1","Si device/substrate","bulk","lower substrate","1.0150000000000001","0.02","0.35","","","","device","demo"
"cell-246","1","Si device/substrate","bulk","lower substrate","1.755","0.04","0.275","","","","device","demo"
"cell-247","1","Si device/substrate","bulk","lower substrate","1.51","0.06","0.275","","","","device","demo"
"cell-248","1","Si device/substrate","bulk","lower substrate","1.2650000000000001","0.06","0.35","","","","device","demo"
"cell-249","1","Si device/substrate","bulk","lower substrate","1.2650000000000001","0.04","0.425","","","","device","demo"
"cell-250","1","Si device/substrate","bulk","lower substrate","1.51","0.02","0.425","","","","device","demo"
"cell-251","1","Si device/substrate","bulk","lower substrate","1.755","0.02","0.35","","","","device","demo"
"cell-252","1","Si device/substrate","bulk","lower substrate","-1.2650000000000001","1.04","0.275","","","","device","demo"
"cell-253","1","Si device/substrate","bulk","lower substrate","-1.5099999999999998","1.52","0.275","","","","device","demo"
"cell-254","1","Si device/substrate","bulk","lower substrate","-1.755","1.52","0.35","","","","device","demo"
"cell-255","1","Si device/substrate","bulk","lower substrate","-1.755","1.04","0.425","","","","device","demo"
"cell-256","1","Si device/substrate","bulk","lower substrate","-1.5099999999999998","0.56","0.425","","","","device","demo"
"cell-257","1","Si device/substrate","bulk","lower substrate","-1.2650000000000001","0.56","0.35","","","","device","demo"
"cell-258","1","Si device/substrate","bulk","lower substrate","-1.005","1.04","0.275","","","","device","demo"
"cell-259","1","Si device/substrate","bulk","lower substrate","-1.01","1.52","0.275","","","","device","demo"
"cell-260","1","Si device/substrate","bulk","lower substrate","-1.0150000000000001","1.52","0.35","","","","device","demo"
"cell-261","1","Si device/substrate","bulk","lower substrate","-1.0150000000000001","1.04","0.425","","","","device","demo"
"cell-262","1","Si device/substrate","bulk","lower substrate","-1.01","0.56","0.425","","","","device","demo"
"cell-263","1","Si device/substrate","bulk","lower substrate","-1.005","0.56","0.35","","","","device","demo"
"cell-264","1","Si device/substrate","bulk","device terrace","-0.25","1.04","0.275","","","","device","demo"
"cell-265","1","Si device/substrate","bulk","device terrace","-0.5","1.52","0.275","","","","device","demo"
"cell-266","1","Si device/substrate","bulk","device terrace","-0.75","1.52","0.35","","","","device","demo"
"cell-267","1","Si device/substrate","bulk","device terrace","-0.75","1.04","0.425","","","","device","demo"
"cell-268","1","Si device/substrate","bulk","device terrace","-0.5","0.56","0.425","","","","device","demo"
"cell-269","1","Si device/substrate","bulk","device terrace","-0.25","0.56","0.35","","","","device","demo"
"cell-270","1","Si device/substrate","bulk","device terrace","0.75","1.04","0.275","","","","device","demo"
"cell-271","1","Si device/substrate","bulk","device terrace","0.5","1.52","0.275","","","","device","demo"
"cell-272","1","Si device/substrate","bulk","device terrace","0.25","1.52","0.35","","","","device","demo"
"cell-273","1","Si device/substrate","bulk","device terrace","0.25","1.04","0.425","","","","device","demo"
"cell-274","1","Si device/substrate","bulk","device terrace","0.5","0.56","0.425","","","","device","demo"
"cell-275","1","Si device/substrate","bulk","device terrace","0.75","0.56","0.35","","","","device","demo"
"cell-276","1","Si device/substrate","bulk","lower substrate","1.0150000000000001","1.04","0.275","","","","device","demo"
"cell-277","1","Si device/substrate","bulk","lower substrate","1.01","1.52","0.275","","","","device","demo"
"cell-278","1","Si device/substrate","bulk","lower substrate","1.005","1.52","0.35","","","","device","demo"
"cell-279","1","Si device/substrate","bulk","lower substrate","1.005","1.04","0.425","","","","device","demo"
"cell-280","1","Si device/substrate","bulk","lower substrate","1.01","0.56","0.425","","","","device","demo"
"cell-281","1","Si device/substrate","bulk","lower substrate","1.0150000000000001","0.56","0.35","","","","device","demo"
"cell-282","1","Si device/substrate","bulk","lower substrate","1.755","1.04","0.275","","","","device","demo"
"cell-283","1","Si device/substrate","bulk","lower substrate","1.51","1.52","0.275","","","","device","demo"
"cell-284","1","Si device/substrate","bulk","lower substrate","1.2650000000000001","1.52","0.35","","","","device","demo"
"cell-285","1","Si device/substrate","bulk","lower substrate","1.2650000000000001","1.04","0.425","","","","device","demo"
"cell-286","1","Si device/substrate","bulk","lower substrate","1.51","0.56","0.425","","","","device","demo"
"cell-287","1","Si device/substrate","bulk","lower substrate","1.755","0.56","0.35","","","","device","demo"
"cell-288","2","Metal film","film","metal top","-1.2650000000000001","-1.04","0.505","0.08","1","","device","demo"
"cell-289","2","Metal film","film","metal top","-1.5099999999999998","-0.56","0.505","0.08","1","","device","demo"
"cell-290","2","Metal film","film","metal top","-1.755","-0.56","0.51","0.08","1","","device","demo"
"cell-291","2","Metal film","film","metal top","-1.755","-1.04","0.515","0.08","1","","device","demo"
"cell-292","2","Metal film","film","metal top","-1.5099999999999998","-1.52","0.515","0.08","1","","device","demo"
"cell-293","2","Metal film","film","metal top","-1.2650000000000001","-1.52","0.51","0.08","1","","device","demo"
"cell-294","2","Metal film","film","step sidewall","-1.005","-1.04","0.505","0.02","0.25","thin|low-coverage","device","demo"
"cell-295","2","Metal film","film","step sidewall","-1.01","-0.56","0.505","0.02","0.25","thin|low-coverage","device","demo"
"cell-296","2","Metal film","film","step sidewall","-1.0150000000000001","-0.56","0.51","0.02","0.25","thin|low-coverage","device","demo"
"cell-297","2","Metal film","film","step sidewall","-1.0150000000000001","-1.04","0.515","0.02","0.25","thin|low-coverage","device","demo"
"cell-298","2","Metal film","film","step sidewall","-1.01","-1.52","0.515","0.02","0.25","thin|low-coverage","device","demo"
"cell-299","2","Metal film","film","step sidewall","-1.005","-1.52","0.51","0.02","0.25","thin|low-coverage","device","demo"
"cell-300","1","Si device/substrate","bulk","device terrace","-0.25","-1.04","0.505","","","","device","demo"
"cell-301","1","Si device/substrate","bulk","device terrace","-0.5","-0.56","0.505","","","","device","demo"
"cell-302","1","Si device/substrate","bulk","device terrace","-0.75","-0.56","0.51","","","","device","demo"
"cell-303","1","Si device/substrate","bulk","device terrace","-0.75","-1.04","0.515","","","","device","demo"
"cell-304","1","Si device/substrate","bulk","device terrace","-0.5","-1.52","0.515","","","","device","demo"
"cell-305","1","Si device/substrate","bulk","device terrace","-0.25","-1.52","0.51","","","","device","demo"
"cell-306","1","Si device/substrate","bulk","device terrace","0.75","-1.04","0.505","","","","device","demo"
"cell-307","1","Si device/substrate","bulk","device terrace","0.5","-0.56","0.505","","","","device","demo"
"cell-308","1","Si device/substrate","bulk","device terrace","0.25","-0.56","0.51","","","","device","demo"
"cell-309","1","Si device/substrate","bulk","device terrace","0.25","-1.04","0.515","","","","device","demo"
"cell-310","1","Si device/substrate","bulk","device terrace","0.5","-1.52","0.515","","","","device","demo"
"cell-311","1","Si device/substrate","bulk","device terrace","0.75","-1.52","0.51","","","","device","demo"
"cell-312","2","Metal film","film","step sidewall","1.0150000000000001","-1.04","0.505","0.02","0.25","thin|low-coverage","device","demo"
"cell-313","2","Metal film","film","step sidewall","1.01","-0.56","0.505","0.02","0.25","thin|low-coverage","device","demo"
"cell-314","2","Metal film","film","step sidewall","1.005","-0.56","0.51","0.02","0.25","thin|low-coverage","device","demo"
"cell-315","2","Metal film","film","step sidewall","1.005","-1.04","0.515","0.02","0.25","thin|low-coverage","device","demo"
"cell-316","2","Metal film","film","step sidewall","1.01","-1.52","0.515","0.02","0.25","thin|low-coverage","device","demo"
"cell-317","2","Metal film","film","step sidewall","1.0150000000000001","-1.52","0.51","0.02","0.25","thin|low-coverage","device","demo"
"cell-318","2","Metal film","film","metal top","1.755","-1.04","0.505","0.08","1","","device","demo"
"cell-319","2","Metal film","film","metal top","1.51","-0.56","0.505","0.08","1","","device","demo"
"cell-320","2","Metal film","film","metal top","1.2650000000000001","-0.56","0.51","0.08","1","","device","demo"
"cell-321","2","Metal film","film","metal top","1.2650000000000001","-1.04","0.515","0.08","1","","device","demo"
"cell-322","2","Metal film","film","metal top","1.51","-1.52","0.515","0.08","1","","device","demo"
"cell-323","2","Metal film","film","metal top","1.755","-1.52","0.51","0.08","1","","device","demo"
"cell-324","2","Metal film","film","metal top","-1.2650000000000001","-0.04","0.505","0.08","1","","device","demo"
"cell-325","2","Metal film","film","metal top","-1.5099999999999998","-0.02","0.505","0.08","1","","device","demo"
"cell-326","2","Metal film","film","metal top","-1.755","-0.02","0.51","0.08","1","","device","demo"
"cell-327","2","Metal film","film","metal top","-1.755","-0.04","0.515","0.08","1","","device","demo"
"cell-328","2","Metal film","film","metal top","-1.5099999999999998","-0.06","0.515","0.08","1","","device","demo"
"cell-329","2","Metal film","film","metal top","-1.2650000000000001","-0.06","0.51","0.08","1","","device","demo"
"cell-330","2","Metal film","film","step sidewall","-1.005","-0.04","0.505","0.02","0.25","thin|low-coverage","device","demo"
"cell-331","2","Metal film","film","step sidewall","-1.01","-0.02","0.505","0.02","0.25","thin|low-coverage","device","demo"
"cell-332","2","Metal film","film","step sidewall","-1.0150000000000001","-0.02","0.51","0.02","0.25","thin|low-coverage","device","demo"
"cell-333","2","Metal film","film","step sidewall","-1.0150000000000001","-0.04","0.515","0.02","0.25","thin|low-coverage","device","demo"
"cell-334","2","Metal film","film","step sidewall","-1.01","-0.06","0.515","0.02","0.25","thin|low-coverage","device","demo"
"cell-335","2","Metal film","film","step sidewall","-1.005","-0.06","0.51","0.02","0.25","thin|low-coverage","device","demo"
"cell-336","1","Si device/substrate","bulk","device terrace","-0.25","-0.04","0.505","","","","device","demo"
"cell-337","1","Si device/substrate","bulk","device terrace","-0.5","-0.02","0.505","","","","device","demo"
"cell-338","1","Si device/substrate","bulk","device terrace","-0.75","-0.02","0.51","","","","device","demo"
"cell-339","1","Si device/substrate","bulk","device terrace","-0.75","-0.04","0.515","","","","device","demo"
"cell-340","1","Si device/substrate","bulk","device terrace","-0.5","-0.06","0.515","","","","device","demo"
"cell-341","1","Si device/substrate","bulk","device terrace","-0.25","-0.06","0.51","","","","device","demo"
"cell-342","0","Void / air","void","sealed hole","0.75","-0.04","0.505","","","","device","demo"
"cell-343","0","Void / air","void","sealed hole","0.5","-0.02","0.505","","","","device","demo"
"cell-344","0","Void / air","void","sealed hole","0.25","-0.02","0.51","","","","device","demo"
"cell-345","0","Void / air","void","sealed hole","0.25","-0.04","0.515","","","","device","demo"
"cell-346","0","Void / air","void","sealed hole","0.5","-0.06","0.515","","","","device","demo"
"cell-347","0","Void / air","void","sealed hole","0.75","-0.06","0.51","","","","device","demo"
"cell-348","2","Metal film","film","step sidewall","1.0150000000000001","-0.04","0.505","0.02","0.25","thin|low-coverage","device","demo"
"cell-349","2","Metal film","film","step sidewall","1.01","-0.02","0.505","0.02","0.25","thin|low-coverage","device","demo"
"cell-350","2","Metal film","film","step sidewall","1.005","-0.02","0.51","0.02","0.25","thin|low-coverage","device","demo"
"cell-351","2","Metal film","film","step sidewall","1.005","-0.04","0.515","0.02","0.25","thin|low-coverage","device","demo"
"cell-352","2","Metal film","film","step sidewall","1.01","-0.06","0.515","0.02","0.25","thin|low-coverage","device","demo"
"cell-353","2","Metal film","film","step sidewall","1.0150000000000001","-0.06","0.51","0.02","0.25","thin|low-coverage","device","demo"
"cell-354","2","Metal film","film","metal top","1.755","-0.04","0.505","0.08","1","","device","demo"
"cell-355","2","Metal film","film","metal top","1.51","-0.02","0.505","0.08","1","","device","demo"
"cell-356","2","Metal film","film","metal top","1.2650000000000001","-0.02","0.51","0.08","1","","device","demo"
"cell-357","2","Metal film","film","metal top","1.2650000000000001","-0.04","0.515","0.08","1","","device","demo"
"cell-358","2","Metal film","film","metal top","1.51","-0.06","0.515","0.08","1","","device","demo"
"cell-359","2","Metal film","film","metal top","1.755","-0.06","0.51","0.08","1","","device","demo"
"cell-360","2","Metal film","film","metal top","-1.2650000000000001","0.04","0.505","0.08","1","","device","demo"
"cell-361","2","Metal film","film","metal top","-1.5099999999999998","0.06","0.505","0.08","1","","device","demo"
"cell-362","2","Metal film","film","metal top","-1.755","0.06","0.51","0.08","1","","device","demo"
"cell-363","2","Metal film","film","metal top","-1.755","0.04","0.515","0.08","1","","device","demo"
"cell-364","2","Metal film","film","metal top","-1.5099999999999998","0.02","0.515","0.08","1","","device","demo"
"cell-365","2","Metal film","film","metal top","-1.2650000000000001","0.02","0.51","0.08","1","","device","demo"
"cell-366","2","Metal film","film","step sidewall","-1.005","0.04","0.505","0.02","0.25","thin|low-coverage","device","demo"
"cell-367","2","Metal film","film","step sidewall","-1.01","0.06","0.505","0.02","0.25","thin|low-coverage","device","demo"
"cell-368","2","Metal film","film","step sidewall","-1.0150000000000001","0.06","0.51","0.02","0.25","thin|low-coverage","device","demo"
"cell-369","2","Metal film","film","step sidewall","-1.0150000000000001","0.04","0.515","0.02","0.25","thin|low-coverage","device","demo"
"cell-370","2","Metal film","film","step sidewall","-1.01","0.02","0.515","0.02","0.25","thin|low-coverage","device","demo"
"cell-371","2","Metal film","film","step sidewall","-1.005","0.02","0.51","0.02","0.25","thin|low-coverage","device","demo"
"cell-372","1","Si device/substrate","bulk","device terrace","-0.25","0.04","0.505","","","","device","demo"
"cell-373","1","Si device/substrate","bulk","device terrace","-0.5","0.06","0.505","","","","device","demo"
"cell-374","1","Si device/substrate","bulk","device terrace","-0.75","0.06","0.51","","","","device","demo"
"cell-375","1","Si device/substrate","bulk","device terrace","-0.75","0.04","0.515","","","","device","demo"
"cell-376","1","Si device/substrate","bulk","device terrace","-0.5","0.02","0.515","","","","device","demo"
"cell-377","1","Si device/substrate","bulk","device terrace","-0.25","0.02","0.51","","","","device","demo"
"cell-378","0","Void / air","void","sealed hole","0.75","0.04","0.505","","","","device","demo"
"cell-379","0","Void / air","void","sealed hole","0.5","0.06","0.505","","","","device","demo"
"cell-380","0","Void / air","void","sealed hole","0.25","0.06","0.51","","","","device","demo"
"cell-381","0","Void / air","void","sealed hole","0.25","0.04","0.515","","","","device","demo"
"cell-382","0","Void / air","void","sealed hole","0.5","0.02","0.515","","","","device","demo"
"cell-383","0","Void / air","void","sealed hole","0.75","0.02","0.51","","","","device","demo"
"cell-384","2","Metal film","film","step sidewall","1.0150000000000001","0.04","0.505","0.02","0.25","thin|low-coverage","device","demo"
"cell-385","2","Metal film","film","step sidewall","1.01","0.06","0.505","0.02","0.25","thin|low-coverage","device","demo"
"cell-386","2","Metal film","film","step sidewall","1.005","0.06","0.51","0.02","0.25","thin|low-coverage","device","demo"
"cell-387","2","Metal film","film","step sidewall","1.005","0.04","0.515","0.02","0.25","thin|low-coverage","device","demo"
"cell-388","2","Metal film","film","step sidewall","1.01","0.02","0.515","0.02","0.25","thin|low-coverage","device","demo"
"cell-389","2","Metal film","film","step sidewall","1.0150000000000001","0.02","0.51","0.02","0.25","thin|low-coverage","device","demo"
"cell-390","2","Metal film","film","metal top","1.755","0.04","0.505","0.08","1","","device","demo"
"cell-391","2","Metal film","film","metal top","1.51","0.06","0.505","0.08","1","","device","demo"
"cell-392","2","Metal film","film","metal top","1.2650000000000001","0.06","0.51","0.08","1","","device","demo"
"cell-393","2","Metal film","film","metal top","1.2650000000000001","0.04","0.515","0.08","1","","device","demo"
"cell-394","2","Metal film","film","metal top","1.51","0.02","0.515","0.08","1","","device","demo"
"cell-395","2","Metal film","film","metal top","1.755","0.02","0.51","0.08","1","","device","demo"
"cell-396","2","Metal film","film","metal top","-1.2650000000000001","1.04","0.505","0.08","1","","device","demo"
"cell-397","2","Metal film","film","metal top","-1.5099999999999998","1.52","0.505","0.08","1","","device","demo"
"cell-398","2","Metal film","film","metal top","-1.755","1.52","0.51","0.08","1","","device","demo"
"cell-399","2","Metal film","film","metal top","-1.755","1.04","0.515","0.08","1","","device","demo"
"cell-400","2","Metal film","film","metal top","-1.5099999999999998","0.56","0.515","0.08","1","","device","demo"
"cell-401","2","Metal film","film","metal top","-1.2650000000000001","0.56","0.51","0.08","1","","device","demo"
"cell-402","2","Metal film","film","step sidewall","-1.005","1.04","0.505","0.02","0.25","thin|low-coverage","device","demo"
"cell-403","2","Metal film","film","step sidewall","-1.01","1.52","0.505","0.02","0.25","thin|low-coverage","device","demo"
"cell-404","2","Metal film","film","step sidewall","-1.0150000000000001","1.52","0.51","0.02","0.25","thin|low-coverage","device","demo"
"cell-405","2","Metal film","film","step sidewall","-1.0150000000000001","1.04","0.515","0.02","0.25","thin|low-coverage","device","demo"
"cell-406","2","Metal film","film","step sidewall","-1.01","0.56","0.515","0.02","0.25","thin|low-coverage","device","demo"
"cell-407","2","Metal film","film","step sidewall","-1.005","0.56","0.51","0.02","0.25","thin|low-coverage","device","demo"
"cell-408","1","Si device/substrate","bulk","device terrace","-0.25","1.04","0.505","","","","device","demo"
"cell-409","1","Si device/substrate","bulk","device terrace","-0.5","1.52","0.505","","","","device","demo"
"cell-410","1","Si device/substrate","bulk","device terrace","-0.75","1.52","0.51","","","","device","demo"
"cell-411","1","Si device/substrate","bulk","device terrace","-0.75","1.04","0.515","","","","device","demo"
"cell-412","1","Si device/substrate","bulk","device terrace","-0.5","0.56","0.515","","","","device","demo"
"cell-413","1","Si device/substrate","bulk","device terrace","-0.25","0.56","0.51","","","","device","demo"
"cell-414","1","Si device/substrate","bulk","device terrace","0.75","1.04","0.505","","","","device","demo"
"cell-415","1","Si device/substrate","bulk","device terrace","0.5","1.52","0.505","","","","device","demo"
"cell-416","1","Si device/substrate","bulk","device terrace","0.25","1.52","0.51","","","","device","demo"
"cell-417","1","Si device/substrate","bulk","device terrace","0.25","1.04","0.515","","","","device","demo"
"cell-418","1","Si device/substrate","bulk","device terrace","0.5","0.56","0.515","","","","device","demo"
"cell-419","1","Si device/substrate","bulk","device terrace","0.75","0.56","0.51","","","","device","demo"
"cell-420","2","Metal film","film","step sidewall","1.0150000000000001","1.04","0.505","0.02","0.25","thin|low-coverage","device","demo"
"cell-421","2","Metal film","film","step sidewall","1.01","1.52","0.505","0.02","0.25","thin|low-coverage","device","demo"
"cell-422","2","Metal film","film","step sidewall","1.005","1.52","0.51","0.02","0.25","thin|low-coverage","device","demo"
"cell-423","2","Metal film","film","step sidewall","1.005","1.04","0.515","0.02","0.25","thin|low-coverage","device","demo"
"cell-424","2","Metal film","film","step sidewall","1.01","0.56","0.515","0.02","0.25","thin|low-coverage","device","demo"
"cell-425","2","Metal film","film","step sidewall","1.0150000000000001","0.56","0.51","0.02","0.25","thin|low-coverage","device","demo"
"cell-426","2","Metal film","film","metal top","1.755","1.04","0.505","0.08","1","","device","demo"
"cell-427","2","Metal film","film","metal top","1.51","1.52","0.505","0.08","1","","device","demo"
"cell-428","2","Metal film","film","metal top","1.2650000000000001","1.52","0.51","0.08","1","","device","demo"
"cell-429","2","Metal film","film","metal top","1.2650000000000001","1.04","0.515","0.08","1","","device","demo"
"cell-430","2","Metal film","film","metal top","1.51","0.56","0.515","0.08","1","","device","demo"
"cell-431","2","Metal film","film","metal top","1.755","0.56","0.51","0.08","1","","device","demo"
"cell-432","2","Metal film","film","metal top","-1.2650000000000001","-1.04","0.535","0.08","1","","device","demo"
"cell-433","2","Metal film","film","metal top","-1.5099999999999998","-0.56","0.535","0.08","1","","device","demo"
"cell-434","2","Metal film","film","metal top","-1.755","-0.56","0.55","0.08","1","","device","demo"
"cell-435","2","Metal film","film","metal top","-1.755","-1.04","0.5650000000000001","0.08","1","","device","demo"
"cell-436","2","Metal film","film","metal top","-1.5099999999999998","-1.52","0.5650000000000001","0.08","1","","device","demo"
"cell-437","2","Metal film","film","metal top","-1.2650000000000001","-1.52","0.55","0.08","1","","device","demo"
"cell-438","2","Metal film","film","step sidewall","-1.005","-1.04","0.535","0.02","0.25","thin|low-coverage","device","demo"
"cell-439","2","Metal film","film","step sidewall","-1.01","-0.56","0.535","0.02","0.25","thin|low-coverage","device","demo"
"cell-440","2","Metal film","film","step sidewall","-1.0150000000000001","-0.56","0.55","0.02","0.25","thin|low-coverage","device","demo"
"cell-441","2","Metal film","film","step sidewall","-1.0150000000000001","-1.04","0.5650000000000001","0.02","0.25","thin|low-coverage","device","demo"
"cell-442","2","Metal film","film","step sidewall","-1.01","-1.52","0.5650000000000001","0.02","0.25","thin|low-coverage","device","demo"
"cell-443","2","Metal film","film","step sidewall","-1.005","-1.52","0.55","0.02","0.25","thin|low-coverage","device","demo"
"cell-444","1","Si device/substrate","bulk","device terrace","-0.25","-1.04","0.535","","","","device","demo"
"cell-445","1","Si device/substrate","bulk","device terrace","-0.5","-0.56","0.535","","","","device","demo"
"cell-446","1","Si device/substrate","bulk","device terrace","-0.75","-0.56","0.55","","","","device","demo"
"cell-447","1","Si device/substrate","bulk","device terrace","-0.75","-1.04","0.5650000000000001","","","","device","demo"
"cell-448","1","Si device/substrate","bulk","device terrace","-0.5","-1.52","0.5650000000000001","","","","device","demo"
"cell-449","1","Si device/substrate","bulk","device terrace","-0.25","-1.52","0.55","","","","device","demo"
"cell-450","1","Si device/substrate","bulk","device terrace","0.75","-1.04","0.535","","","","device","demo"
"cell-451","1","Si device/substrate","bulk","device terrace","0.5","-0.56","0.535","","","","device","demo"
"cell-452","1","Si device/substrate","bulk","device terrace","0.25","-0.56","0.55","","","","device","demo"
"cell-453","1","Si device/substrate","bulk","device terrace","0.25","-1.04","0.5650000000000001","","","","device","demo"
"cell-454","1","Si device/substrate","bulk","device terrace","0.5","-1.52","0.5650000000000001","","","","device","demo"
"cell-455","1","Si device/substrate","bulk","device terrace","0.75","-1.52","0.55","","","","device","demo"
"cell-456","2","Metal film","film","step sidewall","1.0150000000000001","-1.04","0.535","0.02","0.25","thin|low-coverage","device","demo"
"cell-457","2","Metal film","film","step sidewall","1.01","-0.56","0.535","0.02","0.25","thin|low-coverage","device","demo"
"cell-458","2","Metal film","film","step sidewall","1.005","-0.56","0.55","0.02","0.25","thin|low-coverage","device","demo"
"cell-459","2","Metal film","film","step sidewall","1.005","-1.04","0.5650000000000001","0.02","0.25","thin|low-coverage","device","demo"
"cell-460","2","Metal film","film","step sidewall","1.01","-1.52","0.5650000000000001","0.02","0.25","thin|low-coverage","device","demo"
"cell-461","2","Metal film","film","step sidewall","1.0150000000000001","-1.52","0.55","0.02","0.25","thin|low-coverage","device","demo"
"cell-462","2","Metal film","film","metal top","1.755","-1.04","0.535","0.08","1","","device","demo"
"cell-463","2","Metal film","film","metal top","1.51","-0.56","0.535","0.08","1","","device","demo"
"cell-464","2","Metal film","film","metal top","1.2650000000000001","-0.56","0.55","0.08","1","","device","demo"
"cell-465","2","Metal film","film","metal top","1.2650000000000001","-1.04","0.5650000000000001","0.08","1","","device","demo"
"cell-466","2","Metal film","film","metal top","1.51","-1.52","0.5650000000000001","0.08","1","","device","demo"
"cell-467","2","Metal film","film","metal top","1.755","-1.52","0.55","0.08","1","","device","demo"
"cell-468","2","Metal film","film","metal top","-1.2650000000000001","-0.04","0.535","0.08","1","","device","demo"
"cell-469","2","Metal film","film","metal top","-1.5099999999999998","-0.02","0.535","0.08","1","","device","demo"
"cell-470","2","Metal film","film","metal top","-1.755","-0.02","0.55","0.08","1","","device","demo"
"cell-471","2","Metal film","film","metal top","-1.755","-0.04","0.5650000000000001","0.08","1","","device","demo"
"cell-472","2","Metal film","film","metal top","-1.5099999999999998","-0.06","0.5650000000000001","0.08","1","","device","demo"
"cell-473","2","Metal film","film","metal top","-1.2650000000000001","-0.06","0.55","0.08","1","","device","demo"
"cell-474","2","Metal film","film","step sidewall","-1.005","-0.04","0.535","0.02","0.25","thin|low-coverage","device","demo"
"cell-475","2","Metal film","film","step sidewall","-1.01","-0.02","0.535","0.02","0.25","thin|low-coverage","device","demo"
"cell-476","2","Metal film","film","step sidewall","-1.0150000000000001","-0.02","0.55","0.02","0.25","thin|low-coverage","device","demo"
"cell-477","2","Metal film","film","step sidewall","-1.0150000000000001","-0.04","0.5650000000000001","0.02","0.25","thin|low-coverage","device","demo"
"cell-478","2","Metal film","film","step sidewall","-1.01","-0.06","0.5650000000000001","0.02","0.25","thin|low-coverage","device","demo"
"cell-479","2","Metal film","film","step sidewall","-1.005","-0.06","0.55","0.02","0.25","thin|low-coverage","device","demo"
"cell-480","1","Si device/substrate","bulk","device terrace","-0.25","-0.04","0.535","","","","device","demo"
"cell-481","1","Si device/substrate","bulk","device terrace","-0.5","-0.02","0.535","","","","device","demo"
"cell-482","1","Si device/substrate","bulk","device terrace","-0.75","-0.02","0.55","","","","device","demo"
"cell-483","1","Si device/substrate","bulk","device terrace","-0.75","-0.04","0.5650000000000001","","","","device","demo"
"cell-484","1","Si device/substrate","bulk","device terrace","-0.5","-0.06","0.5650000000000001","","","","device","demo"
"cell-485","1","Si device/substrate","bulk","device terrace","-0.25","-0.06","0.55","","","","device","demo"
"cell-486","0","Void / air","void","sealed hole","0.75","-0.04","0.535","","","","device","demo"
"cell-487","0","Void / air","void","sealed hole","0.5","-0.02","0.535","","","","device","demo"
"cell-488","0","Void / air","void","sealed hole","0.25","-0.02","0.55","","","","device","demo"
"cell-489","0","Void / air","void","sealed hole","0.25","-0.04","0.5650000000000001","","","","device","demo"
"cell-490","0","Void / air","void","sealed hole","0.5","-0.06","0.5650000000000001","","","","device","demo"
"cell-491","0","Void / air","void","sealed hole","0.75","-0.06","0.55","","","","device","demo"
"cell-492","2","Metal film","film","step sidewall","1.0150000000000001","-0.04","0.535","0.02","0.25","thin|low-coverage","device","demo"
"cell-493","2","Metal film","film","step sidewall","1.01","-0.02","0.535","0.02","0.25","thin|low-coverage","device","demo"
"cell-494","2","Metal film","film","step sidewall","1.005","-0.02","0.55","0.02","0.25","thin|low-coverage","device","demo"
"cell-495","2","Metal film","film","step sidewall","1.005","-0.04","0.5650000000000001","0.02","0.25","thin|low-coverage","device","demo"
"cell-496","2","Metal film","film","step sidewall","1.01","-0.06","0.5650000000000001","0.02","0.25","thin|low-coverage","device","demo"
"cell-497","2","Metal film","film","step sidewall","1.0150000000000001","-0.06","0.55","0.02","0.25","thin|low-coverage","device","demo"
"cell-498","2","Metal film","film","metal top","1.755","-0.04","0.535","0.08","1","","device","demo"
"cell-499","2","Metal film","film","metal top","1.51","-0.02","0.535","0.08","1","","device","demo"
"cell-500","2","Metal film","film","metal top","1.2650000000000001","-0.02","0.55","0.08","1","","device","demo"
"cell-501","2","Metal film","film","metal top","1.2650000000000001","-0.04","0.5650000000000001","0.08","1","","device","demo"
"cell-502","2","Metal film","film","metal top","1.51","-0.06","0.5650000000000001","0.08","1","","device","demo"
"cell-503","2","Metal film","film","metal top","1.755","-0.06","0.55","0.08","1","","device","demo"
"cell-504","2","Metal film","film","metal top","-1.2650000000000001","0.04","0.535","0.08","1","","device","demo"
"cell-505","2","Metal film","film","metal top","-1.5099999999999998","0.06","0.535","0.08","1","","device","demo"
"cell-506","2","Metal film","film","metal top","-1.755","0.06","0.55","0.08","1","","device","demo"
"cell-507","2","Metal film","film","metal top","-1.755","0.04","0.5650000000000001","0.08","1","","device","demo"
"cell-508","2","Metal film","film","metal top","-1.5099999999999998","0.02","0.5650000000000001","0.08","1","","device","demo"
"cell-509","2","Metal film","film","metal top","-1.2650000000000001","0.02","0.55","0.08","1","","device","demo"
"cell-510","2","Metal film","film","step sidewall","-1.005","0.04","0.535","0.02","0.25","thin|low-coverage","device","demo"
"cell-511","2","Metal film","film","step sidewall","-1.01","0.06","0.535","0.02","0.25","thin|low-coverage","device","demo"
"cell-512","2","Metal film","film","step sidewall","-1.0150000000000001","0.06","0.55","0.02","0.25","thin|low-coverage","device","demo"
"cell-513","2","Metal film","film","step sidewall","-1.0150000000000001","0.04","0.5650000000000001","0.02","0.25","thin|low-coverage","device","demo"
"cell-514","2","Metal film","film","step sidewall","-1.01","0.02","0.5650000000000001","0.02","0.25","thin|low-coverage","device","demo"
"cell-515","2","Metal film","film","step sidewall","-1.005","0.02","0.55","0.02","0.25","thin|low-coverage","device","demo"
"cell-516","1","Si device/substrate","bulk","device terrace","-0.25","0.04","0.535","","","","device","demo"
"cell-517","1","Si device/substrate","bulk","device terrace","-0.5","0.06","0.535","","","","device","demo"
"cell-518","1","Si device/substrate","bulk","device terrace","-0.75","0.06","0.55","","","","device","demo"
"cell-519","1","Si device/substrate","bulk","device terrace","-0.75","0.04","0.5650000000000001","","","","device","demo"
"cell-520","1","Si device/substrate","bulk","device terrace","-0.5","0.02","0.5650000000000001","","","","device","demo"
"cell-521","1","Si device/substrate","bulk","device terrace","-0.25","0.02","0.55","","","","device","demo"
"cell-522","0","Void / air","void","sealed hole","0.75","0.04","0.535","","","","device","demo"
"cell-523","0","Void / air","void","sealed hole","0.5","0.06","0.535","","","","device","demo"
"cell-524","0","Void / air","void","sealed hole","0.25","0.06","0.55","","","","device","demo"
"cell-525","0","Void / air","void","sealed hole","0.25","0.04","0.5650000000000001","","","","device","demo"
"cell-526","0","Void / air","void","sealed hole","0.5","0.02","0.5650000000000001","","","","device","demo"
"cell-527","0","Void / air","void","sealed hole","0.75","0.02","0.55","","","","device","demo"
"cell-528","2","Metal film","film","step sidewall","1.0150000000000001","0.04","0.535","0.02","0.25","thin|low-coverage","device","demo"
"cell-529","2","Metal film","film","step sidewall","1.01","0.06","0.535","0.02","0.25","thin|low-coverage","device","demo"
"cell-530","2","Metal film","film","step sidewall","1.005","0.06","0.55","0.02","0.25","thin|low-coverage","device","demo"
"cell-531","2","Metal film","film","step sidewall","1.005","0.04","0.5650000000000001","0.02","0.25","thin|low-coverage","device","demo"
"cell-532","2","Metal film","film","step sidewall","1.01","0.02","0.5650000000000001","0.02","0.25","thin|low-coverage","device","demo"
"cell-533","2","Metal film","film","step sidewall","1.0150000000000001","0.02","0.55","0.02","0.25","thin|low-coverage","device","demo"
"cell-534","2","Metal film","film","metal top","1.755","0.04","0.535","0.08","1","","device","demo"
"cell-535","2","Metal film","film","metal top","1.51","0.06","0.535","0.08","1","","device","demo"
"cell-536","2","Metal film","film","metal top","1.2650000000000001","0.06","0.55","0.08","1","","device","demo"
"cell-537","2","Metal film","film","metal top","1.2650000000000001","0.04","0.5650000000000001","0.08","1","","device","demo"
"cell-538","2","Metal film","film","metal top","1.51","0.02","0.5650000000000001","0.08","1","","device","demo"
"cell-539","2","Metal film","film","metal top","1.755","0.02","0.55","0.08","1","","device","demo"
"cell-540","2","Metal film","film","metal top","-1.2650000000000001","1.04","0.535","0.08","1","","device","demo"
"cell-541","2","Metal film","film","metal top","-1.5099999999999998","1.52","0.535","0.08","1","","device","demo"
"cell-542","2","Metal film","film","metal top","-1.755","1.52","0.55","0.08","1","","device","demo"
"cell-543","2","Metal film","film","metal top","-1.755","1.04","0.5650000000000001","0.08","1","","device","demo"
"cell-544","2","Metal film","film","metal top","-1.5099999999999998","0.56","0.5650000000000001","0.08","1","","device","demo"
"cell-545","2","Metal film","film","metal top","-1.2650000000000001","0.56","0.55","0.08","1","","device","demo"
"cell-546","2","Metal film","film","step sidewall","-1.005","1.04","0.535","0.02","0.25","thin|low-coverage","device","demo"
"cell-547","2","Metal film","film","step sidewall","-1.01","1.52","0.535","0.02","0.25","thin|low-coverage","device","demo"
"cell-548","2","Metal film","film","step sidewall","-1.0150000000000001","1.52","0.55","0.02","0.25","thin|low-coverage","device","demo"
"cell-549","2","Metal film","film","step sidewall","-1.0150000000000001","1.04","0.5650000000000001","0.02","0.25","thin|low-coverage","device","demo"
"cell-550","2","Metal film","film","step sidewall","-1.01","0.56","0.5650000000000001","0.02","0.25","thin|low-coverage","device","demo"
"cell-551","2","Metal film","film","step sidewall","-1.005","0.56","0.55","0.02","0.25","thin|low-coverage","device","demo"
"cell-552","1","Si device/substrate","bulk","device terrace","-0.25","1.04","0.535","","","","device","demo"
"cell-553","1","Si device/substrate","bulk","device terrace","-0.5","1.52","0.535","","","","device","demo"
"cell-554","1","Si device/substrate","bulk","device terrace","-0.75","1.52","0.55","","","","device","demo"
"cell-555","1","Si device/substrate","bulk","device terrace","-0.75","1.04","0.5650000000000001","","","","device","demo"
"cell-556","1","Si device/substrate","bulk","device terrace","-0.5","0.56","0.5650000000000001","","","","device","demo"
"cell-557","1","Si device/substrate","bulk","device terrace","-0.25","0.56","0.55","","","","device","demo"
"cell-558","1","Si device/substrate","bulk","device terrace","0.75","1.04","0.535","","","","device","demo"
"cell-559","1","Si device/substrate","bulk","device terrace","0.5","1.52","0.535","","","","device","demo"
"cell-560","1","Si device/substrate","bulk","device terrace","0.25","1.52","0.55","","","","device","demo"
"cell-561","1","Si device/substrate","bulk","device terrace","0.25","1.04","0.5650000000000001","","","","device","demo"
"cell-562","1","Si device/substrate","bulk","device terrace","0.5","0.56","0.5650000000000001","","","","device","demo"
"cell-563","1","Si device/substrate","bulk","device terrace","0.75","0.56","0.55","","","","device","demo"
"cell-564","2","Metal film","film","step sidewall","1.0150000000000001","1.04","0.535","0.02","0.25","thin|low-coverage","device","demo"
"cell-565","2","Metal film","film","step sidewall","1.01","1.52","0.535","0.02","0.25","thin|low-coverage","device","demo"
"cell-566","2","Metal film","film","step sidewall","1.005","1.52","0.55","0.02","0.25","thin|low-coverage","device","demo"
"cell-567","2","Metal film","film","step sidewall","1.005","1.04","0.5650000000000001","0.02","0.25","thin|low-coverage","device","demo"
"cell-568","2","Metal film","film","step sidewall","1.01","0.56","0.5650000000000001","0.02","0.25","thin|low-coverage","device","demo"
"cell-569","2","Metal film","film","step sidewall","1.0150000000000001","0.56","0.55","0.02","0.25","thin|low-coverage","device","demo"
"cell-570","2","Metal film","film","metal top","1.755","1.04","0.535","0.08","1","","device","demo"
"cell-571","2","Metal film","film","metal top","1.51","1.52","0.535","0.08","1","","device","demo"
"cell-572","2","Metal film","film","metal top","1.2650000000000001","1.52","0.55","0.08","1","","device","demo"
"cell-573","2","Metal film","film","metal top","1.2650000000000001","1.04","0.5650000000000001","0.08","1","","device","demo"
"cell-574","2","Metal film","film","metal top","1.51","0.56","0.5650000000000001","0.08","1","","device","demo"
"cell-575","2","Metal film","film","metal top","1.755","0.56","0.55","0.08","1","","device","demo"
"cell-576","3","Dielectric film","film","dielectric over low field","-1.2650000000000001","-1.04","0.6849999999999999","1","1","","device","demo"
"cell-577","3","Dielectric film","film","dielectric over low field","-1.5099999999999998","-0.56","0.6849999999999999","1","1","","device","demo"
"cell-578","3","Dielectric film","film","dielectric over low field","-1.755","-0.56","0.79","1","1","","device","demo"
"cell-579","3","Dielectric film","film","dielectric over low field","-1.755","-1.04","0.895","1","1","","device","demo"
"cell-580","3","Dielectric film","film","dielectric over low field","-1.5099999999999998","-1.52","0.895","1","1","","device","demo"
"cell-581","3","Dielectric film","film","dielectric over low field","-1.2650000000000001","-1.52","0.79","1","1","","device","demo"
"cell-582","2","Metal film","film","step sidewall","-1.005","-1.04","0.6849999999999999","0.02","0.25","thin|low-coverage","device","demo"
"cell-583","2","Metal film","film","step sidewall","-1.01","-0.56","0.6849999999999999","0.02","0.25","thin|low-coverage","device","demo"
"cell-584","2","Metal film","film","step sidewall","-1.0150000000000001","-0.56","0.79","0.02","0.25","thin|low-coverage","device","demo"
"cell-585","2","Metal film","film","step sidewall","-1.0150000000000001","-1.04","0.895","0.02","0.25","thin|low-coverage","device","demo"
"cell-586","2","Metal film","film","step sidewall","-1.01","-1.52","0.895","0.02","0.25","thin|low-coverage","device","demo"
"cell-587","2","Metal film","film","step sidewall","-1.005","-1.52","0.79","0.02","0.25","thin|low-coverage","device","demo"
"cell-588","1","Si device/substrate","bulk","device terrace","-0.25","-1.04","0.6849999999999999","","","","device","demo"
"cell-589","1","Si device/substrate","bulk","device terrace","-0.5","-0.56","0.6849999999999999","","","","device","demo"
"cell-590","1","Si device/substrate","bulk","device terrace","-0.75","-0.56","0.79","","","","device","demo"
"cell-591","1","Si device/substrate","bulk","device terrace","-0.75","-1.04","0.895","","","","device","demo"
"cell-592","1","Si device/substrate","bulk","device terrace","-0.5","-1.52","0.895","","","","device","demo"
"cell-593","1","Si device/substrate","bulk","device terrace","-0.25","-1.52","0.79","","","","device","demo"
"cell-594","1","Si device/substrate","bulk","device terrace","0.75","-1.04","0.6849999999999999","","","","device","demo"
"cell-595","1","Si device/substrate","bulk","device terrace","0.5","-0.56","0.6849999999999999","","","","device","demo"
"cell-596","1","Si device/substrate","bulk","device terrace","0.25","-0.56","0.79","","","","device","demo"
"cell-597","1","Si device/substrate","bulk","device terrace","0.25","-1.04","0.895","","","","device","demo"
"cell-598","1","Si device/substrate","bulk","device terrace","0.5","-1.52","0.895","","","","device","demo"
"cell-599","1","Si device/substrate","bulk","device terrace","0.75","-1.52","0.79","","","","device","demo"
"cell-600","2","Metal film","film","step sidewall","1.0150000000000001","-1.04","0.6849999999999999","0.02","0.25","thin|low-coverage","device","demo"
"cell-601","2","Metal film","film","step sidewall","1.01","-0.56","0.6849999999999999","0.02","0.25","thin|low-coverage","device","demo"
"cell-602","2","Metal film","film","step sidewall","1.005","-0.56","0.79","0.02","0.25","thin|low-coverage","device","demo"
"cell-603","2","Metal film","film","step sidewall","1.005","-1.04","0.895","0.02","0.25","thin|low-coverage","device","demo"
"cell-604","2","Metal film","film","step sidewall","1.01","-1.52","0.895","0.02","0.25","thin|low-coverage","device","demo"
"cell-605","2","Metal film","film","step sidewall","1.0150000000000001","-1.52","0.79","0.02","0.25","thin|low-coverage","device","demo"
"cell-606","3","Dielectric film","film","dielectric over low field","1.755","-1.04","0.6849999999999999","1","1","","device","demo"
"cell-607","3","Dielectric film","film","dielectric over low field","1.51","-0.56","0.6849999999999999","1","1","","device","demo"
"cell-608","3","Dielectric film","film","dielectric over low field","1.2650000000000001","-0.56","0.79","1","1","","device","demo"
"cell-609","3","Dielectric film","film","dielectric over low field","1.2650000000000001","-1.04","0.895","1","1","","device","demo"
"cell-610","3","Dielectric film","film","dielectric over low field","1.51","-1.52","0.895","1","1","","device","demo"
"cell-611","3","Dielectric film","film","dielectric over low field","1.755","-1.52","0.79","1","1","","device","demo"
"cell-612","3","Dielectric film","film","dielectric over low field","-1.2650000000000001","-0.04","0.6849999999999999","1","1","","device","demo"
"cell-613","3","Dielectric film","film","dielectric over low field","-1.5099999999999998","-0.02","0.6849999999999999","1","1","","device","demo"
"cell-614","3","Dielectric film","film","dielectric over low field","-1.755","-0.02","0.79","1","1","","device","demo"
"cell-615","3","Dielectric film","film","dielectric over low field","-1.755","-0.04","0.895","1","1","","device","demo"
"cell-616","3","Dielectric film","film","dielectric over low field","-1.5099999999999998","-0.06","0.895","1","1","","device","demo"
"cell-617","3","Dielectric film","film","dielectric over low field","-1.2650000000000001","-0.06","0.79","1","1","","device","demo"
"cell-618","2","Metal film","film","step sidewall","-1.005","-0.04","0.6849999999999999","0.02","0.25","thin|low-coverage","device","demo"
"cell-619","2","Metal film","film","step sidewall","-1.01","-0.02","0.6849999999999999","0.02","0.25","thin|low-coverage","device","demo"
"cell-620","2","Metal film","film","step sidewall","-1.0150000000000001","-0.02","0.79","0.02","0.25","thin|low-coverage","device","demo"
"cell-621","2","Metal film","film","step sidewall","-1.0150000000000001","-0.04","0.895","0.02","0.25","thin|low-coverage","device","demo"
"cell-622","2","Metal film","film","step sidewall","-1.01","-0.06","0.895","0.02","0.25","thin|low-coverage","device","demo"
"cell-623","2","Metal film","film","step sidewall","-1.005","-0.06","0.79","0.02","0.25","thin|low-coverage","device","demo"
"cell-624","1","Si device/substrate","bulk","device terrace","-0.25","-0.04","0.6849999999999999","","","","device","demo"
"cell-625","1","Si device/substrate","bulk","device terrace","-0.5","-0.02","0.6849999999999999","","","","device","demo"
"cell-626","1","Si device/substrate","bulk","device terrace","-0.75","-0.02","0.79","","","","device","demo"
"cell-627","1","Si device/substrate","bulk","device terrace","-0.75","-0.04","0.895","","","","device","demo"
"cell-628","1","Si device/substrate","bulk","device terrace","-0.5","-0.06","0.895","","","","device","demo"
"cell-629","1","Si device/substrate","bulk","device terrace","-0.25","-0.06","0.79","","","","device","demo"
"cell-630","0","Void / air","void","sealed hole","0.75","-0.04","0.6849999999999999","","","","device","demo"
"cell-631","0","Void / air","void","sealed hole","0.5","-0.02","0.6849999999999999","","","","device","demo"
"cell-632","0","Void / air","void","sealed hole","0.25","-0.02","0.79","","","","device","demo"
"cell-633","0","Void / air","void","sealed hole","0.25","-0.04","0.895","","","","device","demo"
"cell-634","0","Void / air","void","sealed hole","0.5","-0.06","0.895","","","","device","demo"
"cell-635","0","Void / air","void","sealed hole","0.75","-0.06","0.79","","","","device","demo"
"cell-636","2","Metal film","film","step sidewall","1.0150000000000001","-0.04","0.6849999999999999","0.02","0.25","thin|low-coverage","device","demo"
"cell-637","2","Metal film","film","step sidewall","1.01","-0.02","0.6849999999999999","0.02","0.25","thin|low-coverage","device","demo"
"cell-638","2","Metal film","film","step sidewall","1.005","-0.02","0.79","0.02","0.25","thin|low-coverage","device","demo"
"cell-639","2","Metal film","film","step sidewall","1.005","-0.04","0.895","0.02","0.25","thin|low-coverage","device","demo"
"cell-640","2","Metal film","film","step sidewall","1.01","-0.06","0.895","0.02","0.25","thin|low-coverage","device","demo"
"cell-641","2","Metal film","film","step sidewall","1.0150000000000001","-0.06","0.79","0.02","0.25","thin|low-coverage","device","demo"
"cell-642","3","Dielectric film","film","dielectric over low field","1.755","-0.04","0.6849999999999999","1","1","","device","demo"
"cell-643","3","Dielectric film","film","dielectric over low field","1.51","-0.02","0.6849999999999999","1","1","","device","demo"
"cell-644","3","Dielectric film","film","dielectric over low field","1.2650000000000001","-0.02","0.79","1","1","","device","demo"
"cell-645","3","Dielectric film","film","dielectric over low field","1.2650000000000001","-0.04","0.895","1","1","","device","demo"
"cell-646","3","Dielectric film","film","dielectric over low field","1.51","-0.06","0.895","1","1","","device","demo"
"cell-647","3","Dielectric film","film","dielectric over low field","1.755","-0.06","0.79","1","1","","device","demo"
"cell-648","3","Dielectric film","film","dielectric over low field","-1.2650000000000001","0.04","0.6849999999999999","1","1","","device","demo"
"cell-649","3","Dielectric film","film","dielectric over low field","-1.5099999999999998","0.06","0.6849999999999999","1","1","","device","demo"
"cell-650","3","Dielectric film","film","dielectric over low field","-1.755","0.06","0.79","1","1","","device","demo"
"cell-651","3","Dielectric film","film","dielectric over low field","-1.755","0.04","0.895","1","1","","device","demo"
"cell-652","3","Dielectric film","film","dielectric over low field","-1.5099999999999998","0.02","0.895","1","1","","device","demo"
"cell-653","3","Dielectric film","film","dielectric over low field","-1.2650000000000001","0.02","0.79","1","1","","device","demo"
"cell-654","2","Metal film","film","step sidewall","-1.005","0.04","0.6849999999999999","0.02","0.25","thin|low-coverage","device","demo"
"cell-655","2","Metal film","film","step sidewall","-1.01","0.06","0.6849999999999999","0.02","0.25","thin|low-coverage","device","demo"
"cell-656","2","Metal film","film","step sidewall","-1.0150000000000001","0.06","0.79","0.02","0.25","thin|low-coverage","device","demo"
"cell-657","2","Metal film","film","step sidewall","-1.0150000000000001","0.04","0.895","0.02","0.25","thin|low-coverage","device","demo"
"cell-658","2","Metal film","film","step sidewall","-1.01","0.02","0.895","0.02","0.25","thin|low-coverage","device","demo"
"cell-659","2","Metal film","film","step sidewall","-1.005","0.02","0.79","0.02","0.25","thin|low-coverage","device","demo"
"cell-660","1","Si device/substrate","bulk","device terrace","-0.25","0.04","0.6849999999999999","","","","device","demo"
"cell-661","1","Si device/substrate","bulk","device terrace","-0.5","0.06","0.6849999999999999","","","","device","demo"
"cell-662","1","Si device/substrate","bulk","device terrace","-0.75","0.06","0.79","","","","device","demo"
"cell-663","1","Si device/substrate","bulk","device terrace","-0.75","0.04","0.895","","","","device","demo"
"cell-664","1","Si device/substrate","bulk","device terrace","-0.5","0.02","0.895","","","","device","demo"
"cell-665","1","Si device/substrate","bulk","device terrace","-0.25","0.02","0.79","","","","device","demo"
"cell-666","0","Void / air","void","sealed hole","0.75","0.04","0.6849999999999999","","","","device","demo"
"cell-667","0","Void / air","void","sealed hole","0.5","0.06","0.6849999999999999","","","","device","demo"
"cell-668","0","Void / air","void","sealed hole","0.25","0.06","0.79","","","","device","demo"
"cell-669","0","Void / air","void","sealed hole","0.25","0.04","0.895","","","","device","demo"
"cell-670","0","Void / air","void","sealed hole","0.5","0.02","0.895","","","","device","demo"
"cell-671","0","Void / air","void","sealed hole","0.75","0.02","0.79","","","","device","demo"
"cell-672","2","Metal film","film","step sidewall","1.0150000000000001","0.04","0.6849999999999999","0.02","0.25","thin|low-coverage","device","demo"
"cell-673","2","Metal film","film","step sidewall","1.01","0.06","0.6849999999999999","0.02","0.25","thin|low-coverage","device","demo"
"cell-674","2","Metal film","film","step sidewall","1.005","0.06","0.79","0.02","0.25","thin|low-coverage","device","demo"
"cell-675","2","Metal film","film","step sidewall","1.005","0.04","0.895","0.02","0.25","thin|low-coverage","device","demo"
"cell-676","2","Metal film","film","step sidewall","1.01","0.02","0.895","0.02","0.25","thin|low-coverage","device","demo"
"cell-677","2","Metal film","film","step sidewall","1.0150000000000001","0.02","0.79","0.02","0.25","thin|low-coverage","device","demo"
"cell-678","3","Dielectric film","film","dielectric over low field","1.755","0.04","0.6849999999999999","1","1","","device","demo"
"cell-679","3","Dielectric film","film","dielectric over low field","1.51","0.06","0.6849999999999999","1","1","","device","demo"
"cell-680","3","Dielectric film","film","dielectric over low field","1.2650000000000001","0.06","0.79","1","1","","device","demo"
"cell-681","3","Dielectric film","film","dielectric over low field","1.2650000000000001","0.04","0.895","1","1","","device","demo"
"cell-682","3","Dielectric film","film","dielectric over low field","1.51","0.02","0.895","1","1","","device","demo"
"cell-683","3","Dielectric film","film","dielectric over low field","1.755","0.02","0.79","1","1","","device","demo"
"cell-684","3","Dielectric film","film","dielectric over low field","-1.2650000000000001","1.04","0.6849999999999999","1","1","","device","demo"
"cell-685","3","Dielectric film","film","dielectric over low field","-1.5099999999999998","1.52","0.6849999999999999","1","1","","device","demo"
"cell-686","3","Dielectric film","film","dielectric over low field","-1.755","1.52","0.79","1","1","","device","demo"
"cell-687","3","Dielectric film","film","dielectric over low field","-1.755","1.04","0.895","1","1","","device","demo"
"cell-688","3","Dielectric film","film","dielectric over low field","-1.5099999999999998","0.56","0.895","1","1","","device","demo"
"cell-689","3","Dielectric film","film","dielectric over low field","-1.2650000000000001","0.56","0.79","1","1","","device","demo"
"cell-690","2","Metal film","film","step sidewall","-1.005","1.04","0.6849999999999999","0.02","0.25","thin|low-coverage","device","demo"
"cell-691","2","Metal film","film","step sidewall","-1.01","1.52","0.6849999999999999","0.02","0.25","thin|low-coverage","device","demo"
"cell-692","2","Metal film","film","step sidewall","-1.0150000000000001","1.52","0.79","0.02","0.25","thin|low-coverage","device","demo"
"cell-693","2","Metal film","film","step sidewall","-1.0150000000000001","1.04","0.895","0.02","0.25","thin|low-coverage","device","demo"
"cell-694","2","Metal film","film","step sidewall","-1.01","0.56","0.895","0.02","0.25","thin|low-coverage","device","demo"
"cell-695","2","Metal film","film","step sidewall","-1.005","0.56","0.79","0.02","0.25","thin|low-coverage","device","demo"
"cell-696","1","Si device/substrate","bulk","device terrace","-0.25","1.04","0.6849999999999999","","","","device","demo"
"cell-697","1","Si device/substrate","bulk","device terrace","-0.5","1.52","0.6849999999999999","","","","device","demo"
"cell-698","1","Si device/substrate","bulk","device terrace","-0.75","1.52","0.79","","","","device","demo"
"cell-699","1","Si device/substrate","bulk","device terrace","-0.75","1.04","0.895","","","","device","demo"
"cell-700","1","Si device/substrate","bulk","device terrace","-0.5","0.56","0.895","","","","device","demo"
"cell-701","1","Si device/substrate","bulk","device terrace","-0.25","0.56","0.79","","","","device","demo"
"cell-702","1","Si device/substrate","bulk","device terrace","0.75","1.04","0.6849999999999999","","","","device","demo"
"cell-703","1","Si device/substrate","bulk","device terrace","0.5","1.52","0.6849999999999999","","","","device","demo"
"cell-704","1","Si device/substrate","bulk","device terrace","0.25","1.52","0.79","","","","device","demo"
"cell-705","1","Si device/substrate","bulk","device terrace","0.25","1.04","0.895","","","","device","demo"
"cell-706","1","Si device/substrate","bulk","device terrace","0.5","0.56","0.895","","","","device","demo"
"cell-707","1","Si device/substrate","bulk","device terrace","0.75","0.56","0.79","","","","device","demo"
"cell-708","2","Metal film","film","step sidewall","1.0150000000000001","1.04","0.6849999999999999","0.02","0.25","thin|low-coverage","device","demo"
"cell-709","2","Metal film","film","step sidewall","1.01","1.52","0.6849999999999999","0.02","0.25","thin|low-coverage","device","demo"
"cell-710","2","Metal film","film","step sidewall","1.005","1.52","0.79","0.02","0.25","thin|low-coverage","device","demo"
"cell-711","2","Metal film","film","step sidewall","1.005","1.04","0.895","0.02","0.25","thin|low-coverage","device","demo"
"cell-712","2","Metal film","film","step sidewall","1.01","0.56","0.895","0.02","0.25","thin|low-coverage","device","demo"
"cell-713","2","Metal film","film","step sidewall","1.0150000000000001","0.56","0.79","0.02","0.25","thin|low-coverage","device","demo"
"cell-714","3","Dielectric film","film","dielectric over low field","1.755","1.04","0.6849999999999999","1","1","","device","demo"
"cell-715","3","Dielectric film","film","dielectric over low field","1.51","1.52","0.6849999999999999","1","1","","device","demo"
"cell-716","3","Dielectric film","film","dielectric over low field","1.2650000000000001","1.52","0.79","1","1","","device","demo"
"cell-717","3","Dielectric film","film","dielectric over low field","1.2650000000000001","1.04","0.895","1","1","","device","demo"
"cell-718","3","Dielectric film","film","dielectric over low field","1.51","0.56","0.895","1","1","","device","demo"
"cell-719","3","Dielectric film","film","dielectric over low field","1.755","0.56","0.79","1","1","","device","demo"
"cell-720","3","Dielectric film","film","dielectric over low field","-1.2650000000000001","-1.04","1.05","1","1","","device","demo"
"cell-721","3","Dielectric film","film","dielectric over low field","-1.5099999999999998","-0.56","1.05","1","1","","device","demo"
"cell-722","3","Dielectric film","film","dielectric over low field","-1.755","-0.56","1.1","1","1","","device","demo"
"cell-723","3","Dielectric film","film","dielectric over low field","-1.755","-1.04","1.1500000000000001","1","1","","device","demo"
"cell-724","3","Dielectric film","film","dielectric over low field","-1.5099999999999998","-1.52","1.1500000000000001","1","1","","device","demo"
"cell-725","3","Dielectric film","film","dielectric over low field","-1.2650000000000001","-1.52","1.1","1","1","","device","demo"
"cell-726","2","Metal film","film","step sidewall","-1.005","-1.04","1.05","0.02","0.25","thin|low-coverage","device","demo"
"cell-727","2","Metal film","film","step sidewall","-1.01","-0.56","1.05","0.02","0.25","thin|low-coverage","device","demo"
"cell-728","2","Metal film","film","step sidewall","-1.0150000000000001","-0.56","1.1","0.02","0.25","thin|low-coverage","device","demo"
"cell-729","2","Metal film","film","step sidewall","-1.0150000000000001","-1.04","1.1500000000000001","0.02","0.25","thin|low-coverage","device","demo"
"cell-730","2","Metal film","film","step sidewall","-1.01","-1.52","1.1500000000000001","0.02","0.25","thin|low-coverage","device","demo"
"cell-731","2","Metal film","film","step sidewall","-1.005","-1.52","1.1","0.02","0.25","thin|low-coverage","device","demo"
"cell-732","1","Si device/substrate","bulk","device terrace","-0.25","-1.04","1.05","","","","device","demo"
"cell-733","1","Si device/substrate","bulk","device terrace","-0.5","-0.56","1.05","","","","device","demo"
"cell-734","1","Si device/substrate","bulk","device terrace","-0.75","-0.56","1.1","","","","device","demo"
"cell-735","1","Si device/substrate","bulk","device terrace","-0.75","-1.04","1.1500000000000001","","","","device","demo"
"cell-736","1","Si device/substrate","bulk","device terrace","-0.5","-1.52","1.1500000000000001","","","","device","demo"
"cell-737","1","Si device/substrate","bulk","device terrace","-0.25","-1.52","1.1","","","","device","demo"
"cell-738","1","Si device/substrate","bulk","device terrace","0.75","-1.04","1.05","","","","device","demo"
"cell-739","1","Si device/substrate","bulk","device terrace","0.5","-0.56","1.05","","","","device","demo"
"cell-740","1","Si device/substrate","bulk","device terrace","0.25","-0.56","1.1","","","","device","demo"
"cell-741","1","Si device/substrate","bulk","device terrace","0.25","-1.04","1.1500000000000001","","","","device","demo"
"cell-742","1","Si device/substrate","bulk","device terrace","0.5","-1.52","1.1500000000000001","","","","device","demo"
"cell-743","1","Si device/substrate","bulk","device terrace","0.75","-1.52","1.1","","","","device","demo"
"cell-744","2","Metal film","film","step sidewall","1.0150000000000001","-1.04","1.05","0.02","0.25","thin|low-coverage","device","demo"
"cell-745","2","Metal film","film","step sidewall","1.01","-0.56","1.05","0.02","0.25","thin|low-coverage","device","demo"
"cell-746","2","Metal film","film","step sidewall","1.005","-0.56","1.1","0.02","0.25","thin|low-coverage","device","demo"
"cell-747","2","Metal film","film","step sidewall","1.005","-1.04","1.1500000000000001","0.02","0.25","thin|low-coverage","device","demo"
"cell-748","2","Metal film","film","step sidewall","1.01","-1.52","1.1500000000000001","0.02","0.25","thin|low-coverage","device","demo"
"cell-749","2","Metal film","film","step sidewall","1.0150000000000001","-1.52","1.1","0.02","0.25","thin|low-coverage","device","demo"
"cell-750","3","Dielectric film","film","dielectric over low field","1.755","-1.04","1.05","1","1","","device","demo"
"cell-751","3","Dielectric film","film","dielectric over low field","1.51","-0.56","1.05","1","1","","device","demo"
"cell-752","3","Dielectric film","film","dielectric over low field","1.2650000000000001","-0.56","1.1","1","1","","device","demo"
"cell-753","3","Dielectric film","film","dielectric over low field","1.2650000000000001","-1.04","1.1500000000000001","1","1","","device","demo"
"cell-754","3","Dielectric film","film","dielectric over low field","1.51","-1.52","1.1500000000000001","1","1","","device","demo"
"cell-755","3","Dielectric film","film","dielectric over low field","1.755","-1.52","1.1","1","1","","device","demo"
"cell-756","3","Dielectric film","film","dielectric over low field","-1.2650000000000001","-0.04","1.05","1","1","","device","demo"
"cell-757","3","Dielectric film","film","dielectric over low field","-1.5099999999999998","-0.02","1.05","1","1","","device","demo"
"cell-758","3","Dielectric film","film","dielectric over low field","-1.755","-0.02","1.1","1","1","","device","demo"
"cell-759","3","Dielectric film","film","dielectric over low field","-1.755","-0.04","1.1500000000000001","1","1","","device","demo"
"cell-760","3","Dielectric film","film","dielectric over low field","-1.5099999999999998","-0.06","1.1500000000000001","1","1","","device","demo"
"cell-761","3","Dielectric film","film","dielectric over low field","-1.2650000000000001","-0.06","1.1","1","1","","device","demo"
"cell-762","2","Metal film","film","step sidewall","-1.005","-0.04","1.05","0.02","0.25","thin|low-coverage","device","demo"
"cell-763","2","Metal film","film","step sidewall","-1.01","-0.02","1.05","0.02","0.25","thin|low-coverage","device","demo"
"cell-764","2","Metal film","film","step sidewall","-1.0150000000000001","-0.02","1.1","0.02","0.25","thin|low-coverage","device","demo"
"cell-765","2","Metal film","film","step sidewall","-1.0150000000000001","-0.04","1.1500000000000001","0.02","0.25","thin|low-coverage","device","demo"
"cell-766","2","Metal film","film","step sidewall","-1.01","-0.06","1.1500000000000001","0.02","0.25","thin|low-coverage","device","demo"
"cell-767","2","Metal film","film","step sidewall","-1.005","-0.06","1.1","0.02","0.25","thin|low-coverage","device","demo"
"cell-768","1","Si device/substrate","bulk","device terrace","-0.25","-0.04","1.05","","","","device","demo"
"cell-769","1","Si device/substrate","bulk","device terrace","-0.5","-0.02","1.05","","","","device","demo"
"cell-770","1","Si device/substrate","bulk","device terrace","-0.75","-0.02","1.1","","","","device","demo"
"cell-771","1","Si device/substrate","bulk","device terrace","-0.75","-0.04","1.1500000000000001","","","","device","demo"
"cell-772","1","Si device/substrate","bulk","device terrace","-0.5","-0.06","1.1500000000000001","","","","device","demo"
"cell-773","1","Si device/substrate","bulk","device terrace","-0.25","-0.06","1.1","","","","device","demo"
"cell-774","0","Void / air","void","sealed hole","0.75","-0.04","1.05","","","","device","demo"
"cell-775","0","Void / air","void","sealed hole","0.5","-0.02","1.05","","","","device","demo"
"cell-776","0","Void / air","void","sealed hole","0.25","-0.02","1.1","","","","device","demo"
"cell-777","0","Void / air","void","sealed hole","0.25","-0.04","1.1500000000000001","","","","device","demo"
"cell-778","0","Void / air","void","sealed hole","0.5","-0.06","1.1500000000000001","","","","device","demo"
"cell-779","0","Void / air","void","sealed hole","0.75","-0.06","1.1","","","","device","demo"
"cell-780","2","Metal film","film","step sidewall","1.0150000000000001","-0.04","1.05","0.02","0.25","thin|low-coverage","device","demo"
"cell-781","2","Metal film","film","step sidewall","1.01","-0.02","1.05","0.02","0.25","thin|low-coverage","device","demo"
"cell-782","2","Metal film","film","step sidewall","1.005","-0.02","1.1","0.02","0.25","thin|low-coverage","device","demo"
"cell-783","2","Metal film","film","step sidewall","1.005","-0.04","1.1500000000000001","0.02","0.25","thin|low-coverage","device","demo"
"cell-784","2","Metal film","film","step sidewall","1.01","-0.06","1.1500000000000001","0.02","0.25","thin|low-coverage","device","demo"
"cell-785","2","Metal film","film","step sidewall","1.0150000000000001","-0.06","1.1","0.02","0.25","thin|low-coverage","device","demo"
"cell-786","3","Dielectric film","film","dielectric over low field","1.755","-0.04","1.05","1","1","","device","demo"
"cell-787","3","Dielectric film","film","dielectric over low field","1.51","-0.02","1.05","1","1","","device","demo"
"cell-788","3","Dielectric film","film","dielectric over low field","1.2650000000000001","-0.02","1.1","1","1","","device","demo"
"cell-789","3","Dielectric film","film","dielectric over low field","1.2650000000000001","-0.04","1.1500000000000001","1","1","","device","demo"
"cell-790","3","Dielectric film","film","dielectric over low field","1.51","-0.06","1.1500000000000001","1","1","","device","demo"
"cell-791","3","Dielectric film","film","dielectric over low field","1.755","-0.06","1.1","1","1","","device","demo"
"cell-792","3","Dielectric film","film","dielectric over low field","-1.2650000000000001","0.04","1.05","1","1","","device","demo"
"cell-793","3","Dielectric film","film","dielectric over low field","-1.5099999999999998","0.06","1.05","1","1","","device","demo"
"cell-794","3","Dielectric film","film","dielectric over low field","-1.755","0.06","1.1","1","1","","device","demo"
"cell-795","3","Dielectric film","film","dielectric over low field","-1.755","0.04","1.1500000000000001","1","1","","device","demo"
"cell-796","3","Dielectric film","film","dielectric over low field","-1.5099999999999998","0.02","1.1500000000000001","1","1","","device","demo"
"cell-797","3","Dielectric film","film","dielectric over low field","-1.2650000000000001","0.02","1.1","1","1","","device","demo"
"cell-798","2","Metal film","film","step sidewall","-1.005","0.04","1.05","0.02","0.25","thin|low-coverage","device","demo"
"cell-799","2","Metal film","film","step sidewall","-1.01","0.06","1.05","0.02","0.25","thin|low-coverage","device","demo"
"cell-800","2","Metal film","film","step sidewall","-1.0150000000000001","0.06","1.1","0.02","0.25","thin|low-coverage","device","demo"
"cell-801","2","Metal film","film","step sidewall","-1.0150000000000001","0.04","1.1500000000000001","0.02","0.25","thin|low-coverage","device","demo"
"cell-802","2","Metal film","film","step sidewall","-1.01","0.02","1.1500000000000001","0.02","0.25","thin|low-coverage","device","demo"
"cell-803","2","Metal film","film","step sidewall","-1.005","0.02","1.1","0.02","0.25","thin|low-coverage","device","demo"
"cell-804","1","Si device/substrate","bulk","device terrace","-0.25","0.04","1.05","","","","device","demo"
"cell-805","1","Si device/substrate","bulk","device terrace","-0.5","0.06","1.05","","","","device","demo"
"cell-806","1","Si device/substrate","bulk","device terrace","-0.75","0.06","1.1","","","","device","demo"
"cell-807","1","Si device/substrate","bulk","device terrace","-0.75","0.04","1.1500000000000001","","","","device","demo"
"cell-808","1","Si device/substrate","bulk","device terrace","-0.5","0.02","1.1500000000000001","","","","device","demo"
"cell-809","1","Si device/substrate","bulk","device terrace","-0.25","0.02","1.1","","","","device","demo"
"cell-810","0","Void / air","void","sealed hole","0.75","0.04","1.05","","","","device","demo"
"cell-811","0","Void / air","void","sealed hole","0.5","0.06","1.05","","","","device","demo"
"cell-812","0","Void / air","void","sealed hole","0.25","0.06","1.1","","","","device","demo"
"cell-813","0","Void / air","void","sealed hole","0.25","0.04","1.1500000000000001","","","","device","demo"
"cell-814","0","Void / air","void","sealed hole","0.5","0.02","1.1500000000000001","","","","device","demo"
"cell-815","0","Void / air","void","sealed hole","0.75","0.02","1.1","","","","device","demo"
"cell-816","2","Metal film","film","step sidewall","1.0150000000000001","0.04","1.05","0.02","0.25","thin|low-coverage","device","demo"
"cell-817","2","Metal film","film","step sidewall","1.01","0.06","1.05","0.02","0.25","thin|low-coverage","device","demo"
"cell-818","2","Metal film","film","step sidewall","1.005","0.06","1.1","0.02","0.25","thin|low-coverage","device","demo"
"cell-819","2","Metal film","film","step sidewall","1.005","0.04","1.1500000000000001","0.02","0.25","thin|low-coverage","device","demo"
"cell-820","2","Metal film","film","step sidewall","1.01","0.02","1.1500000000000001","0.02","0.25","thin|low-coverage","device","demo"
"cell-821","2","Metal film","film","step sidewall","1.0150000000000001","0.02","1.1","0.02","0.25","thin|low-coverage","device","demo"
"cell-822","3","Dielectric film","film","dielectric over low field","1.755","0.04","1.05","1","1","","device","demo"
"cell-823","3","Dielectric film","film","dielectric over low field","1.51","0.06","1.05","1","1","","device","demo"
"cell-824","3","Dielectric film","film","dielectric over low field","1.2650000000000001","0.06","1.1","1","1","","device","demo"
"cell-825","3","Dielectric film","film","dielectric over low field","1.2650000000000001","0.04","1.1500000000000001","1","1","","device","demo"
"cell-826","3","Dielectric film","film","dielectric over low field","1.51","0.02","1.1500000000000001","1","1","","device","demo"
"cell-827","3","Dielectric film","film","dielectric over low field","1.755","0.02","1.1","1","1","","device","demo"
"cell-828","3","Dielectric film","film","dielectric over low field","-1.2650000000000001","1.04","1.05","1","1","","device","demo"
"cell-829","3","Dielectric film","film","dielectric over low field","-1.5099999999999998","1.52","1.05","1","1","","device","demo"
"cell-830","3","Dielectric film","film","dielectric over low field","-1.755","1.52","1.1","1","1","","device","demo"
"cell-831","3","Dielectric film","film","dielectric over low field","-1.755","1.04","1.1500000000000001","1","1","","device","demo"
"cell-832","3","Dielectric film","film","dielectric over low field","-1.5099999999999998","0.56","1.1500000000000001","1","1","","device","demo"
"cell-833","3","Dielectric film","film","dielectric over low field","-1.2650000000000001","0.56","1.1","1","1","","device","demo"
"cell-834","2","Metal film","film","step sidewall","-1.005","1.04","1.05","0.02","0.25","thin|low-coverage","device","demo"
"cell-835","2","Metal film","film","step sidewall","-1.01","1.52","1.05","0.02","0.25","thin|low-coverage","device","demo"
"cell-836","2","Metal film","film","step sidewall","-1.0150000000000001","1.52","1.1","0.02","0.25","thin|low-coverage","device","demo"
"cell-837","2","Metal film","film","step sidewall","-1.0150000000000001","1.04","1.1500000000000001","0.02","0.25","thin|low-coverage","device","demo"
"cell-838","2","Metal film","film","step sidewall","-1.01","0.56","1.1500000000000001","0.02","0.25","thin|low-coverage","device","demo"
"cell-839","2","Metal film","film","step sidewall","-1.005","0.56","1.1","0.02","0.25","thin|low-coverage","device","demo"
"cell-840","1","Si device/substrate","bulk","device terrace","-0.25","1.04","1.05","","","","device","demo"
"cell-841","1","Si device/substrate","bulk","device terrace","-0.5","1.52","1.05","","","","device","demo"
"cell-842","1","Si device/substrate","bulk","device terrace","-0.75","1.52","1.1","","","","device","demo"
"cell-843","1","Si device/substrate","bulk","device terrace","-0.75","1.04","1.1500000000000001","","","","device","demo"
"cell-844","1","Si device/substrate","bulk","device terrace","-0.5","0.56","1.1500000000000001","","","","device","demo"
"cell-845","1","Si device/substrate","bulk","device terrace","-0.25","0.56","1.1","","","","device","demo"
"cell-846","1","Si device/substrate","bulk","device terrace","0.75","1.04","1.05","","","","device","demo"
"cell-847","1","Si device/substrate","bulk","device terrace","0.5","1.52","1.05","","","","device","demo"
"cell-848","1","Si device/substrate","bulk","device terrace","0.25","1.52","1.1","","","","device","demo"
"cell-849","1","Si device/substrate","bulk","device terrace","0.25","1.04","1.1500000000000001","","","","device","demo"
"cell-850","1","Si device/substrate","bulk","device terrace","0.5","0.56","1.1500000000000001","","","","device","demo"
"cell-851","1","Si device/substrate","bulk","device terrace","0.75","0.56","1.1","","","","device","demo"
"cell-852","2","Metal film","film","step sidewall","1.0150000000000001","1.04","1.05","0.02","0.25","thin|low-coverage","device","demo"
"cell-853","2","Metal film","film","step sidewall","1.01","1.52","1.05","0.02","0.25","thin|low-coverage","device","demo"
"cell-854","2","Metal film","film","step sidewall","1.005","1.52","1.1","0.02","0.25","thin|low-coverage","device","demo"
"cell-855","2","Metal film","film","step sidewall","1.005","1.04","1.1500000000000001","0.02","0.25","thin|low-coverage","device","demo"
"cell-856","2","Metal film","film","step sidewall","1.01","0.56","1.1500000000000001","0.02","0.25","thin|low-coverage","device","demo"
"cell-857","2","Metal film","film","step sidewall","1.0150000000000001","0.56","1.1","0.02","0.25","thin|low-coverage","device","demo"
"cell-858","3","Dielectric film","film","dielectric over low field","1.755","1.04","1.05","1","1","","device","demo"
"cell-859","3","Dielectric film","film","dielectric over low field","1.51","1.52","1.05","1","1","","device","demo"
"cell-860","3","Dielectric film","film","dielectric over low field","1.2650000000000001","1.52","1.1","1","1","","device","demo"
"cell-861","3","Dielectric film","film","dielectric over low field","1.2650000000000001","1.04","1.1500000000000001","1","1","","device","demo"
"cell-862","3","Dielectric film","film","dielectric over low field","1.51","0.56","1.1500000000000001","1","1","","device","demo"
"cell-863","3","Dielectric film","film","dielectric over low field","1.755","0.56","1.1","1","1","","device","demo"
"cell-864","3","Dielectric film","film","dielectric over low field","-1.2650000000000001","-1.04","1.22","1","1","","device","demo"
"cell-865","3","Dielectric film","film","dielectric over low field","-1.5099999999999998","-0.56","1.22","1","1","","device","demo"
"cell-866","3","Dielectric film","film","dielectric over low field","-1.755","-0.56","1.24","1","1","","device","demo"
"cell-867","3","Dielectric film","film","dielectric over low field","-1.755","-1.04","1.26","1","1","","device","demo"
"cell-868","3","Dielectric film","film","dielectric over low field","-1.5099999999999998","-1.52","1.26","1","1","","device","demo"
"cell-869","3","Dielectric film","film","dielectric over low field","-1.2650000000000001","-1.52","1.24","1","1","","device","demo"
"cell-870","3","Dielectric film","film","dielectric over low field","-1.005","-1.04","1.22","1","1","","device","demo"
"cell-871","3","Dielectric film","film","dielectric over low field","-1.01","-0.56","1.22","1","1","","device","demo"
"cell-872","3","Dielectric film","film","dielectric over low field","-1.0150000000000001","-0.56","1.24","1","1","","device","demo"
"cell-873","3","Dielectric film","film","dielectric over low field","-1.0150000000000001","-1.04","1.26","1","1","","device","demo"
"cell-874","3","Dielectric film","film","dielectric over low field","-1.01","-1.52","1.26","1","1","","device","demo"
"cell-875","3","Dielectric film","film","dielectric over low field","-1.005","-1.52","1.24","1","1","","device","demo"
"cell-876","2","Metal film","film","metal top","-0.25","-1.04","1.22","0.08","1","","device","demo"
"cell-877","2","Metal film","film","metal top","-0.5","-0.56","1.22","0.08","1","","device","demo"
"cell-878","2","Metal film","film","metal top","-0.75","-0.56","1.24","0.08","1","","device","demo"
"cell-879","2","Metal film","film","metal top","-0.75","-1.04","1.26","0.08","1","","device","demo"
"cell-880","2","Metal film","film","metal top","-0.5","-1.52","1.26","0.08","1","","device","demo"
"cell-881","2","Metal film","film","metal top","-0.25","-1.52","1.24","0.08","1","","device","demo"
"cell-882","2","Metal film","film","metal top","0.75","-1.04","1.22","0.08","1","","device","demo"
"cell-883","2","Metal film","film","metal top","0.5","-0.56","1.22","0.08","1","","device","demo"
"cell-884","2","Metal film","film","metal top","0.25","-0.56","1.24","0.08","1","","device","demo"
"cell-885","2","Metal film","film","metal top","0.25","-1.04","1.26","0.08","1","","device","demo"
"cell-886","2","Metal film","film","metal top","0.5","-1.52","1.26","0.08","1","","device","demo"
"cell-887","2","Metal film","film","metal top","0.75","-1.52","1.24","0.08","1","","device","demo"
"cell-888","3","Dielectric film","film","dielectric over low field","1.0150000000000001","-1.04","1.22","1","1","","device","demo"
"cell-889","3","Dielectric film","film","dielectric over low field","1.01","-0.56","1.22","1","1","","device","demo"
"cell-890","3","Dielectric film","film","dielectric over low field","1.005","-0.56","1.24","1","1","","device","demo"
"cell-891","3","Dielectric film","film","dielectric over low field","1.005","-1.04","1.26","1","1","","device","demo"
"cell-892","3","Dielectric film","film","dielectric over low field","1.01","-1.52","1.26","1","1","","device","demo"
"cell-893","3","Dielectric film","film","dielectric over low field","1.0150000000000001","-1.52","1.24","1","1","","device","demo"
"cell-894","3","Dielectric film","film","dielectric over low field","1.755","-1.04","1.22","1","1","","device","demo"
"cell-895","3","Dielectric film","film","dielectric over low field","1.51","-0.56","1.22","1","1","","device","demo"
"cell-896","3","Dielectric film","film","dielectric over low field","1.2650000000000001","-0.56","1.24","1","1","","device","demo"
"cell-897","3","Dielectric film","film","dielectric over low field","1.2650000000000001","-1.04","1.26","1","1","","device","demo"
"cell-898","3","Dielectric film","film","dielectric over low field","1.51","-1.52","1.26","1","1","","device","demo"
"cell-899","3","Dielectric film","film","dielectric over low field","1.755","-1.52","1.24","1","1","","device","demo"
"cell-900","3","Dielectric film","film","dielectric over low field","-1.2650000000000001","-0.04","1.22","1","1","","device","demo"
"cell-901","3","Dielectric film","film","dielectric over low field","-1.5099999999999998","-0.02","1.22","1","1","","device","demo"
"cell-902","3","Dielectric film","film","dielectric over low field","-1.755","-0.02","1.24","1","1","","device","demo"
"cell-903","3","Dielectric film","film","dielectric over low field","-1.755","-0.04","1.26","1","1","","device","demo"
"cell-904","3","Dielectric film","film","dielectric over low field","-1.5099999999999998","-0.06","1.26","1","1","","device","demo"
"cell-905","3","Dielectric film","film","dielectric over low field","-1.2650000000000001","-0.06","1.24","1","1","","device","demo"
"cell-906","3","Dielectric film","film","dielectric over low field","-1.005","-0.04","1.22","1","1","","device","demo"
"cell-907","3","Dielectric film","film","dielectric over low field","-1.01","-0.02","1.22","1","1","","device","demo"
"cell-908","3","Dielectric film","film","dielectric over low field","-1.0150000000000001","-0.02","1.24","1","1","","device","demo"
"cell-909","3","Dielectric film","film","dielectric over low field","-1.0150000000000001","-0.04","1.26","1","1","","device","demo"
"cell-910","3","Dielectric film","film","dielectric over low field","-1.01","-0.06","1.26","1","1","","device","demo"
"cell-911","3","Dielectric film","film","dielectric over low field","-1.005","-0.06","1.24","1","1","","device","demo"
"cell-912","2","Metal film","film","metal top","-0.25","-0.04","1.22","0.08","1","","device","demo"
"cell-913","2","Metal film","film","metal top","-0.5","-0.02","1.22","0.08","1","","device","demo"
"cell-914","2","Metal film","film","metal top","-0.75","-0.02","1.24","0.08","1","","device","demo"
"cell-915","2","Metal film","film","metal top","-0.75","-0.04","1.26","0.08","1","","device","demo"
"cell-916","2","Metal film","film","metal top","-0.5","-0.06","1.26","0.08","1","","device","demo"
"cell-917","2","Metal film","film","metal top","-0.25","-0.06","1.24","0.08","1","","device","demo"
"cell-918","2","Metal film","film","metal top","0.75","-0.04","1.22","0.08","1","","device","demo"
"cell-919","2","Metal film","film","metal top","0.5","-0.02","1.22","0.08","1","","device","demo"
"cell-920","2","Metal film","film","metal top","0.25","-0.02","1.24","0.08","1","","device","demo"
"cell-921","2","Metal film","film","metal top","0.25","-0.04","1.26","0.08","1","","device","demo"
"cell-922","2","Metal film","film","metal top","0.5","-0.06","1.26","0.08","1","","device","demo"
"cell-923","2","Metal film","film","metal top","0.75","-0.06","1.24","0.08","1","","device","demo"
"cell-924","3","Dielectric film","film","dielectric over low field","1.0150000000000001","-0.04","1.22","1","1","","device","demo"
"cell-925","3","Dielectric film","film","dielectric over low field","1.01","-0.02","1.22","1","1","","device","demo"
"cell-926","3","Dielectric film","film","dielectric over low field","1.005","-0.02","1.24","1","1","","device","demo"
"cell-927","3","Dielectric film","film","dielectric over low field","1.005","-0.04","1.26","1","1","","device","demo"
"cell-928","3","Dielectric film","film","dielectric over low field","1.01","-0.06","1.26","1","1","","device","demo"
"cell-929","3","Dielectric film","film","dielectric over low field","1.0150000000000001","-0.06","1.24","1","1","","device","demo"
"cell-930","3","Dielectric film","film","dielectric over low field","1.755","-0.04","1.22","1","1","","device","demo"
"cell-931","3","Dielectric film","film","dielectric over low field","1.51","-0.02","1.22","1","1","","device","demo"
"cell-932","3","Dielectric film","film","dielectric over low field","1.2650000000000001","-0.02","1.24","1","1","","device","demo"
"cell-933","3","Dielectric film","film","dielectric over low field","1.2650000000000001","-0.04","1.26","1","1","","device","demo"
"cell-934","3","Dielectric film","film","dielectric over low field","1.51","-0.06","1.26","1","1","","device","demo"
"cell-935","3","Dielectric film","film","dielectric over low field","1.755","-0.06","1.24","1","1","","device","demo"
"cell-936","3","Dielectric film","film","dielectric over low field","-1.2650000000000001","0.04","1.22","1","1","","device","demo"
"cell-937","3","Dielectric film","film","dielectric over low field","-1.5099999999999998","0.06","1.22","1","1","","device","demo"
"cell-938","3","Dielectric film","film","dielectric over low field","-1.755","0.06","1.24","1","1","","device","demo"
"cell-939","3","Dielectric film","film","dielectric over low field","-1.755","0.04","1.26","1","1","","device","demo"
"cell-940","3","Dielectric film","film","dielectric over low field","-1.5099999999999998","0.02","1.26","1","1","","device","demo"
"cell-941","3","Dielectric film","film","dielectric over low field","-1.2650000000000001","0.02","1.24","1","1","","device","demo"
"cell-942","3","Dielectric film","film","dielectric over low field","-1.005","0.04","1.22","1","1","","device","demo"
"cell-943","3","Dielectric film","film","dielectric over low field","-1.01","0.06","1.22","1","1","","device","demo"
"cell-944","3","Dielectric film","film","dielectric over low field","-1.0150000000000001","0.06","1.24","1","1","","device","demo"
"cell-945","3","Dielectric film","film","dielectric over low field","-1.0150000000000001","0.04","1.26","1","1","","device","demo"
"cell-946","3","Dielectric film","film","dielectric over low field","-1.01","0.02","1.26","1","1","","device","demo"
"cell-947","3","Dielectric film","film","dielectric over low field","-1.005","0.02","1.24","1","1","","device","demo"
"cell-948","2","Metal film","film","metal top","-0.25","0.04","1.22","0.08","1","","device","demo"
"cell-949","2","Metal film","film","metal top","-0.5","0.06","1.22","0.08","1","","device","demo"
"cell-950","2","Metal film","film","metal top","-0.75","0.06","1.24","0.08","1","","device","demo"
"cell-951","2","Metal film","film","metal top","-0.75","0.04","1.26","0.08","1","","device","demo"
"cell-952","2","Metal film","film","metal top","-0.5","0.02","1.26","0.08","1","","device","demo"
"cell-953","2","Metal film","film","metal top","-0.25","0.02","1.24","0.08","1","","device","demo"
"cell-954","2","Metal film","film","metal top","0.75","0.04","1.22","0.08","1","","device","demo"
"cell-955","2","Metal film","film","metal top","0.5","0.06","1.22","0.08","1","","device","demo"
"cell-956","2","Metal film","film","metal top","0.25","0.06","1.24","0.08","1","","device","demo"
"cell-957","2","Metal film","film","metal top","0.25","0.04","1.26","0.08","1","","device","demo"
"cell-958","2","Metal film","film","metal top","0.5","0.02","1.26","0.08","1","","device","demo"
"cell-959","2","Metal film","film","metal top","0.75","0.02","1.24","0.08","1","","device","demo"
"cell-960","3","Dielectric film","film","dielectric over low field","1.0150000000000001","0.04","1.22","1","1","","device","demo"
"cell-961","3","Dielectric film","film","dielectric over low field","1.01","0.06","1.22","1","1","","device","demo"
"cell-962","3","Dielectric film","film","dielectric over low field","1.005","0.06","1.24","1","1","","device","demo"
"cell-963","3","Dielectric film","film","dielectric over low field","1.005","0.04","1.26","1","1","","device","demo"
"cell-964","3","Dielectric film","film","dielectric over low field","1.01","0.02","1.26","1","1","","device","demo"
"cell-965","3","Dielectric film","film","dielectric over low field","1.0150000000000001","0.02","1.24","1","1","","device","demo"
"cell-966","3","Dielectric film","film","dielectric over low field","1.755","0.04","1.22","1","1","","device","demo"
"cell-967","3","Dielectric film","film","dielectric over low field","1.51","0.06","1.22","1","1","","device","demo"
"cell-968","3","Dielectric film","film","dielectric over low field","1.2650000000000001","0.06","1.24","1","1","","device","demo"
"cell-969","3","Dielectric film","film","dielectric over low field","1.2650000000000001","0.04","1.26","1","1","","device","demo"
"cell-970","3","Dielectric film","film","dielectric over low field","1.51","0.02","1.26","1","1","","device","demo"
"cell-971","3","Dielectric film","film","dielectric over low field","1.755","0.02","1.24","1","1","","device","demo"
"cell-972","3","Dielectric film","film","dielectric over low field","-1.2650000000000001","1.04","1.22","1","1","","device","demo"
"cell-973","3","Dielectric film","film","dielectric over low field","-1.5099999999999998","1.52","1.22","1","1","","device","demo"
"cell-974","3","Dielectric film","film","dielectric over low field","-1.755","1.52","1.24","1","1","","device","demo"
"cell-975","3","Dielectric film","film","dielectric over low field","-1.755","1.04","1.26","1","1","","device","demo"
"cell-976","3","Dielectric film","film","dielectric over low field","-1.5099999999999998","0.56","1.26","1","1","","device","demo"
"cell-977","3","Dielectric film","film","dielectric over low field","-1.2650000000000001","0.56","1.24","1","1","","device","demo"
"cell-978","3","Dielectric film","film","dielectric over low field","-1.005","1.04","1.22","1","1","","device","demo"
"cell-979","3","Dielectric film","film","dielectric over low field","-1.01","1.52","1.22","1","1","","device","demo"
"cell-980","3","Dielectric film","film","dielectric over low field","-1.0150000000000001","1.52","1.24","1","1","","device","demo"
"cell-981","3","Dielectric film","film","dielectric over low field","-1.0150000000000001","1.04","1.26","1","1","","device","demo"
"cell-982","3","Dielectric film","film","dielectric over low field","-1.01","0.56","1.26","1","1","","device","demo"
"cell-983","3","Dielectric film","film","dielectric over low field","-1.005","0.56","1.24","1","1","","device","demo"
"cell-984","2","Metal film","film","metal top","-0.25","1.04","1.22","0.08","1","","device","demo"
"cell-985","2","Metal film","film","metal top","-0.5","1.52","1.22","0.08","1","","device","demo"
"cell-986","2","Metal film","film","metal top","-0.75","1.52","1.24","0.08","1","","device","demo"
"cell-987","2","Metal film","film","metal top","-0.75","1.04","1.26","0.08","1","","device","demo"
"cell-988","2","Metal film","film","metal top","-0.5","0.56","1.26","0.08","1","","device","demo"
"cell-989","2","Metal film","film","metal top","-0.25","0.56","1.24","0.08","1","","device","demo"
"cell-990","2","Metal film","film","metal top","0.75","1.04","1.22","0.08","1","","device","demo"
"cell-991","2","Metal film","film","metal top","0.5","1.52","1.22","0.08","1","","device","demo"
"cell-992","2","Metal film","film","metal top","0.25","1.52","1.24","0.08","1","","device","demo"
"cell-993","2","Metal film","film","metal top","0.25","1.04","1.26","0.08","1","","device","demo"
"cell-994","2","Metal film","film","metal top","0.5","0.56","1.26","0.08","1","","device","demo"
"cell-995","2","Metal film","film","metal top","0.75","0.56","1.24","0.08","1","","device","demo"
"cell-996","3","Dielectric film","film","dielectric over low field","1.0150000000000001","1.04","1.22","1","1","","device","demo"
"cell-997","3","Dielectric film","film","dielectric over low field","1.01","1.52","1.22","1","1","","device","demo"
"cell-998","3","Dielectric film","film","dielectric over low field","1.005","1.52","1.24","1","1","","device","demo"
"cell-999","3","Dielectric film","film","dielectric over low field","1.005","1.04","1.26","1","1","","device","demo"
"cell-1000","3","Dielectric film","film","dielectric over low field","1.01","0.56","1.26","1","1","","device","demo"
"cell-1001","3","Dielectric film","film","dielectric over low field","1.0150000000000001","0.56","1.24","1","1","","device","demo"
"cell-1002","3","Dielectric film","film","dielectric over low field","1.755","1.04","1.22","1","1","","device","demo"
"cell-1003","3","Dielectric film","film","dielectric over low field","1.51","1.52","1.22","1","1","","device","demo"
"cell-1004","3","Dielectric film","film","dielectric over low field","1.2650000000000001","1.52","1.24","1","1","","device","demo"
"cell-1005","3","Dielectric film","film","dielectric over low field","1.2650000000000001","1.04","1.26","1","1","","device","demo"
"cell-1006","3","Dielectric film","film","dielectric over low field","1.51","0.56","1.26","1","1","","device","demo"
"cell-1007","3","Dielectric film","film","dielectric over low field","1.755","0.56","1.24","1","1","","device","demo"
"cell-1008","3","Dielectric film","film","dielectric over low field","-1.2650000000000001","-1.04","1.355","1","1","","device","demo"
"cell-1009","3","Dielectric film","film","dielectric over low field","-1.5099999999999998","-0.56","1.355","1","1","","device","demo"
"cell-1010","3","Dielectric film","film","dielectric over low field","-1.755","-0.56","1.4300000000000002","1","1","","device","demo"
"cell-1011","3","Dielectric film","film","dielectric over low field","-1.755","-1.04","1.5050000000000001","1","1","","device","demo"
"cell-1012","3","Dielectric film","film","dielectric over low field","-1.5099999999999998","-1.52","1.5050000000000001","1","1","","device","demo"
"cell-1013","3","Dielectric film","film","dielectric over low field","-1.2650000000000001","-1.52","1.4300000000000002","1","1","","device","demo"
"cell-1014","3","Dielectric film","film","dielectric over low field","-1.005","-1.04","1.355","1","1","","device","demo"
"cell-1015","3","Dielectric film","film","dielectric over low field","-1.01","-0.56","1.355","1","1","","device","demo"
"cell-1016","3","Dielectric film","film","dielectric over low field","-1.0150000000000001","-0.56","1.4300000000000002","1","1","","device","demo"
"cell-1017","3","Dielectric film","film","dielectric over low field","-1.0150000000000001","-1.04","1.5050000000000001","1","1","","device","demo"
"cell-1018","3","Dielectric film","film","dielectric over low field","-1.01","-1.52","1.5050000000000001","1","1","","device","demo"
"cell-1019","3","Dielectric film","film","dielectric over low field","-1.005","-1.52","1.4300000000000002","1","1","","device","demo"
"cell-1020","3","Dielectric film","film","dielectric over device","-0.25","-1.04","1.355","0.3000000000000001","0.3000000000000001","low-coverage","device","demo"
"cell-1021","3","Dielectric film","film","dielectric over device","-0.5","-0.56","1.355","0.3000000000000001","0.3000000000000001","low-coverage","device","demo"
"cell-1022","3","Dielectric film","film","dielectric over device","-0.75","-0.56","1.4300000000000002","0.3000000000000001","0.3000000000000001","low-coverage","device","demo"
"cell-1023","3","Dielectric film","film","dielectric over device","-0.75","-1.04","1.5050000000000001","0.3000000000000001","0.3000000000000001","low-coverage","device","demo"
"cell-1024","3","Dielectric film","film","dielectric over device","-0.5","-1.52","1.5050000000000001","0.3000000000000001","0.3000000000000001","low-coverage","device","demo"
"cell-1025","3","Dielectric film","film","dielectric over device","-0.25","-1.52","1.4300000000000002","0.3000000000000001","0.3000000000000001","low-coverage","device","demo"
"cell-1026","3","Dielectric film","film","dielectric over device","0.75","-1.04","1.355","0.3000000000000001","0.3000000000000001","low-coverage","device","demo"
"cell-1027","3","Dielectric film","film","dielectric over device","0.5","-0.56","1.355","0.3000000000000001","0.3000000000000001","low-coverage","device","demo"
"cell-1028","3","Dielectric film","film","dielectric over device","0.25","-0.56","1.4300000000000002","0.3000000000000001","0.3000000000000001","low-coverage","device","demo"
"cell-1029","3","Dielectric film","film","dielectric over device","0.25","-1.04","1.5050000000000001","0.3000000000000001","0.3000000000000001","low-coverage","device","demo"
"cell-1030","3","Dielectric film","film","dielectric over device","0.5","-1.52","1.5050000000000001","0.3000000000000001","0.3000000000000001","low-coverage","device","demo"
"cell-1031","3","Dielectric film","film","dielectric over device","0.75","-1.52","1.4300000000000002","0.3000000000000001","0.3000000000000001","low-coverage","device","demo"
"cell-1032","3","Dielectric film","film","dielectric over low field","1.0150000000000001","-1.04","1.355","1","1","","device","demo"
"cell-1033","3","Dielectric film","film","dielectric over low field","1.01","-0.56","1.355","1","1","","device","demo"
"cell-1034","3","Dielectric film","film","dielectric over low field","1.005","-0.56","1.4300000000000002","1","1","","device","demo"
"cell-1035","3","Dielectric film","film","dielectric over low field","1.005","-1.04","1.5050000000000001","1","1","","device","demo"
"cell-1036","3","Dielectric film","film","dielectric over low field","1.01","-1.52","1.5050000000000001","1","1","","device","demo"
"cell-1037","3","Dielectric film","film","dielectric over low field","1.0150000000000001","-1.52","1.4300000000000002","1","1","","device","demo"
"cell-1038","3","Dielectric film","film","dielectric over low field","1.755","-1.04","1.355","1","1","","device","demo"
"cell-1039","3","Dielectric film","film","dielectric over low field","1.51","-0.56","1.355","1","1","","device","demo"
"cell-1040","3","Dielectric film","film","dielectric over low field","1.2650000000000001","-0.56","1.4300000000000002","1","1","","device","demo"
"cell-1041","3","Dielectric film","film","dielectric over low field","1.2650000000000001","-1.04","1.5050000000000001","1","1","","device","demo"
"cell-1042","3","Dielectric film","film","dielectric over low field","1.51","-1.52","1.5050000000000001","1","1","","device","demo"
"cell-1043","3","Dielectric film","film","dielectric over low field","1.755","-1.52","1.4300000000000002","1","1","","device","demo"
"cell-1044","3","Dielectric film","film","dielectric over low field","-1.2650000000000001","-0.04","1.355","1","1","","device","demo"
"cell-1045","3","Dielectric film","film","dielectric over low field","-1.5099999999999998","-0.02","1.355","1","1","","device","demo"
"cell-1046","3","Dielectric film","film","dielectric over low field","-1.755","-0.02","1.4300000000000002","1","1","","device","demo"
"cell-1047","3","Dielectric film","film","dielectric over low field","-1.755","-0.04","1.5050000000000001","1","1","","device","demo"
"cell-1048","3","Dielectric film","film","dielectric over low field","-1.5099999999999998","-0.06","1.5050000000000001","1","1","","device","demo"
"cell-1049","3","Dielectric film","film","dielectric over low field","-1.2650000000000001","-0.06","1.4300000000000002","1","1","","device","demo"
"cell-1050","3","Dielectric film","film","dielectric over low field","-1.005","-0.04","1.355","1","1","","device","demo"
"cell-1051","3","Dielectric film","film","dielectric over low field","-1.01","-0.02","1.355","1","1","","device","demo"
"cell-1052","3","Dielectric film","film","dielectric over low field","-1.0150000000000001","-0.02","1.4300000000000002","1","1","","device","demo"
"cell-1053","3","Dielectric film","film","dielectric over low field","-1.0150000000000001","-0.04","1.5050000000000001","1","1","","device","demo"
"cell-1054","3","Dielectric film","film","dielectric over low field","-1.01","-0.06","1.5050000000000001","1","1","","device","demo"
"cell-1055","3","Dielectric film","film","dielectric over low field","-1.005","-0.06","1.4300000000000002","1","1","","device","demo"
"cell-1056","3","Dielectric film","film","dielectric over device","-0.25","-0.04","1.355","0.3000000000000001","0.3000000000000001","low-coverage","device","demo"
"cell-1057","3","Dielectric film","film","dielectric over device","-0.5","-0.02","1.355","0.3000000000000001","0.3000000000000001","low-coverage","device","demo"
"cell-1058","3","Dielectric film","film","dielectric over device","-0.75","-0.02","1.4300000000000002","0.3000000000000001","0.3000000000000001","low-coverage","device","demo"
"cell-1059","3","Dielectric film","film","dielectric over device","-0.75","-0.04","1.5050000000000001","0.3000000000000001","0.3000000000000001","low-coverage","device","demo"
"cell-1060","3","Dielectric film","film","dielectric over device","-0.5","-0.06","1.5050000000000001","0.3000000000000001","0.3000000000000001","low-coverage","device","demo"
"cell-1061","3","Dielectric film","film","dielectric over device","-0.25","-0.06","1.4300000000000002","0.3000000000000001","0.3000000000000001","low-coverage","device","demo"
"cell-1062","3","Dielectric film","film","dielectric over device","0.75","-0.04","1.355","0.3000000000000001","0.3000000000000001","low-coverage","device","demo"
"cell-1063","3","Dielectric film","film","dielectric over device","0.5","-0.02","1.355","0.3000000000000001","0.3000000000000001","low-coverage","device","demo"
"cell-1064","3","Dielectric film","film","dielectric over device","0.25","-0.02","1.4300000000000002","0.3000000000000001","0.3000000000000001","low-coverage","device","demo"
"cell-1065","3","Dielectric film","film","dielectric over device","0.25","-0.04","1.5050000000000001","0.3000000000000001","0.3000000000000001","low-coverage","device","demo"
"cell-1066","3","Dielectric film","film","dielectric over device","0.5","-0.06","1.5050000000000001","0.3000000000000001","0.3000000000000001","low-coverage","device","demo"
"cell-1067","3","Dielectric film","film","dielectric over device","0.75","-0.06","1.4300000000000002","0.3000000000000001","0.3000000000000001","low-coverage","device","demo"
"cell-1068","3","Dielectric film","film","dielectric over low field","1.0150000000000001","-0.04","1.355","1","1","","device","demo"
"cell-1069","3","Dielectric film","film","dielectric over low field","1.01","-0.02","1.355","1","1","","device","demo"
"cell-1070","3","Dielectric film","film","dielectric over low field","1.005","-0.02","1.4300000000000002","1","1","","device","demo"
"cell-1071","3","Dielectric film","film","dielectric over low field","1.005","-0.04","1.5050000000000001","1","1","","device","demo"
"cell-1072","3","Dielectric film","film","dielectric over low field","1.01","-0.06","1.5050000000000001","1","1","","device","demo"
"cell-1073","3","Dielectric film","film","dielectric over low field","1.0150000000000001","-0.06","1.4300000000000002","1","1","","device","demo"
"cell-1074","3","Dielectric film","film","dielectric over low field","1.755","-0.04","1.355","1","1","","device","demo"
"cell-1075","3","Dielectric film","film","dielectric over low field","1.51","-0.02","1.355","1","1","","device","demo"
"cell-1076","3","Dielectric film","film","dielectric over low field","1.2650000000000001","-0.02","1.4300000000000002","1","1","","device","demo"
"cell-1077","3","Dielectric film","film","dielectric over low field","1.2650000000000001","-0.04","1.5050000000000001","1","1","","device","demo"
"cell-1078","3","Dielectric film","film","dielectric over low field","1.51","-0.06","1.5050000000000001","1","1","","device","demo"
"cell-1079","3","Dielectric film","film","dielectric over low field","1.755","-0.06","1.4300000000000002","1","1","","device","demo"
"cell-1080","3","Dielectric film","film","dielectric over low field","-1.2650000000000001","0.04","1.355","1","1","","device","demo"
"cell-1081","3","Dielectric film","film","dielectric over low field","-1.5099999999999998","0.06","1.355","1","1","","device","demo"
"cell-1082","3","Dielectric film","film","dielectric over low field","-1.755","0.06","1.4300000000000002","1","1","","device","demo"
"cell-1083","3","Dielectric film","film","dielectric over low field","-1.755","0.04","1.5050000000000001","1","1","","device","demo"
"cell-1084","3","Dielectric film","film","dielectric over low field","-1.5099999999999998","0.02","1.5050000000000001","1","1","","device","demo"
"cell-1085","3","Dielectric film","film","dielectric over low field","-1.2650000000000001","0.02","1.4300000000000002","1","1","","device","demo"
"cell-1086","3","Dielectric film","film","dielectric over low field","-1.005","0.04","1.355","1","1","","device","demo"
"cell-1087","3","Dielectric film","film","dielectric over low field","-1.01","0.06","1.355","1","1","","device","demo"
"cell-1088","3","Dielectric film","film","dielectric over low field","-1.0150000000000001","0.06","1.4300000000000002","1","1","","device","demo"
"cell-1089","3","Dielectric film","film","dielectric over low field","-1.0150000000000001","0.04","1.5050000000000001","1","1","","device","demo"
"cell-1090","3","Dielectric film","film","dielectric over low field","-1.01","0.02","1.5050000000000001","1","1","","device","demo"
"cell-1091","3","Dielectric film","film","dielectric over low field","-1.005","0.02","1.4300000000000002","1","1","","device","demo"
"cell-1092","3","Dielectric film","film","dielectric over device","-0.25","0.04","1.355","0.3000000000000001","0.3000000000000001","low-coverage","device","demo"
"cell-1093","3","Dielectric film","film","dielectric over device","-0.5","0.06","1.355","0.3000000000000001","0.3000000000000001","low-coverage","device","demo"
"cell-1094","3","Dielectric film","film","dielectric over device","-0.75","0.06","1.4300000000000002","0.3000000000000001","0.3000000000000001","low-coverage","device","demo"
"cell-1095","3","Dielectric film","film","dielectric over device","-0.75","0.04","1.5050000000000001","0.3000000000000001","0.3000000000000001","low-coverage","device","demo"
"cell-1096","3","Dielectric film","film","dielectric over device","-0.5","0.02","1.5050000000000001","0.3000000000000001","0.3000000000000001","low-coverage","device","demo"
"cell-1097","3","Dielectric film","film","dielectric over device","-0.25","0.02","1.4300000000000002","0.3000000000000001","0.3000000000000001","low-coverage","device","demo"
"cell-1098","3","Dielectric film","film","dielectric over device","0.75","0.04","1.355","0.3000000000000001","0.3000000000000001","low-coverage","device","demo"
"cell-1099","3","Dielectric film","film","dielectric over device","0.5","0.06","1.355","0.3000000000000001","0.3000000000000001","low-coverage","device","demo"
"cell-1100","3","Dielectric film","film","dielectric over device","0.25","0.06","1.4300000000000002","0.3000000000000001","0.3000000000000001","low-coverage","device","demo"
"cell-1101","3","Dielectric film","film","dielectric over device","0.25","0.04","1.5050000000000001","0.3000000000000001","0.3000000000000001","low-coverage","device","demo"
"cell-1102","3","Dielectric film","film","dielectric over device","0.5","0.02","1.5050000000000001","0.3000000000000001","0.3000000000000001","low-coverage","device","demo"
"cell-1103","3","Dielectric film","film","dielectric over device","0.75","0.02","1.4300000000000002","0.3000000000000001","0.3000000000000001","low-coverage","device","demo"
"cell-1104","3","Dielectric film","film","dielectric over low field","1.0150000000000001","0.04","1.355","1","1","","device","demo"
"cell-1105","3","Dielectric film","film","dielectric over low field","1.01","0.06","1.355","1","1","","device","demo"
"cell-1106","3","Dielectric film","film","dielectric over low field","1.005","0.06","1.4300000000000002","1","1","","device","demo"
"cell-1107","3","Dielectric film","film","dielectric over low field","1.005","0.04","1.5050000000000001","1","1","","device","demo"
"cell-1108","3","Dielectric film","film","dielectric over low field","1.01","0.02","1.5050000000000001","1","1","","device","demo"
"cell-1109","3","Dielectric film","film","dielectric over low field","1.0150000000000001","0.02","1.4300000000000002","1","1","","device","demo"
"cell-1110","3","Dielectric film","film","dielectric over low field","1.755","0.04","1.355","1","1","","device","demo"
"cell-1111","3","Dielectric film","film","dielectric over low field","1.51","0.06","1.355","1","1","","device","demo"
"cell-1112","3","Dielectric film","film","dielectric over low field","1.2650000000000001","0.06","1.4300000000000002","1","1","","device","demo"
"cell-1113","3","Dielectric film","film","dielectric over low field","1.2650000000000001","0.04","1.5050000000000001","1","1","","device","demo"
"cell-1114","3","Dielectric film","film","dielectric over low field","1.51","0.02","1.5050000000000001","1","1","","device","demo"
"cell-1115","3","Dielectric film","film","dielectric over low field","1.755","0.02","1.4300000000000002","1","1","","device","demo"
"cell-1116","3","Dielectric film","film","dielectric over low field","-1.2650000000000001","1.04","1.355","1","1","","device","demo"
"cell-1117","3","Dielectric film","film","dielectric over low field","-1.5099999999999998","1.52","1.355","1","1","","device","demo"
"cell-1118","3","Dielectric film","film","dielectric over low field","-1.755","1.52","1.4300000000000002","1","1","","device","demo"
"cell-1119","3","Dielectric film","film","dielectric over low field","-1.755","1.04","1.5050000000000001","1","1","","device","demo"
"cell-1120","3","Dielectric film","film","dielectric over low field","-1.5099999999999998","0.56","1.5050000000000001","1","1","","device","demo"
"cell-1121","3","Dielectric film","film","dielectric over low field","-1.2650000000000001","0.56","1.4300000000000002","1","1","","device","demo"
"cell-1122","3","Dielectric film","film","dielectric over low field","-1.005","1.04","1.355","1","1","","device","demo"
"cell-1123","3","Dielectric film","film","dielectric over low field","-1.01","1.52","1.355","1","1","","device","demo"
"cell-1124","3","Dielectric film","film","dielectric over low field","-1.0150000000000001","1.52","1.4300000000000002","1","1","","device","demo"
"cell-1125","3","Dielectric film","film","dielectric over low field","-1.0150000000000001","1.04","1.5050000000000001","1","1","","device","demo"
"cell-1126","3","Dielectric film","film","dielectric over low field","-1.01","0.56","1.5050000000000001","1","1","","device","demo"
"cell-1127","3","Dielectric film","film","dielectric over low field","-1.005","0.56","1.4300000000000002","1","1","","device","demo"
"cell-1128","3","Dielectric film","film","dielectric over device","-0.25","1.04","1.355","0.3000000000000001","0.3000000000000001","low-coverage","device","demo"
"cell-1129","3","Dielectric film","film","dielectric over device","-0.5","1.52","1.355","0.3000000000000001","0.3000000000000001","low-coverage","device","demo"
"cell-1130","3","Dielectric film","film","dielectric over device","-0.75","1.52","1.4300000000000002","0.3000000000000001","0.3000000000000001","low-coverage","device","demo"
"cell-1131","3","Dielectric film","film","dielectric over device","-0.75","1.04","1.5050000000000001","0.3000000000000001","0.3000000000000001","low-coverage","device","demo"
"cell-1132","3","Dielectric film","film","dielectric over device","-0.5","0.56","1.5050000000000001","0.3000000000000001","0.3000000000000001","low-coverage","device","demo"
"cell-1133","3","Dielectric film","film","dielectric over device","-0.25","0.56","1.4300000000000002","0.3000000000000001","0.3000000000000001","low-coverage","device","demo"
"cell-1134","3","Dielectric film","film","dielectric over device","0.75","1.04","1.355","0.3000000000000001","0.3000000000000001","low-coverage","device","demo"
"cell-1135","3","Dielectric film","film","dielectric over device","0.5","1.52","1.355","0.3000000000000001","0.3000000000000001","low-coverage","device","demo"
"cell-1136","3","Dielectric film","film","dielectric over device","0.25","1.52","1.4300000000000002","0.3000000000000001","0.3000000000000001","low-coverage","device","demo"
"cell-1137","3","Dielectric film","film","dielectric over device","0.25","1.04","1.5050000000000001","0.3000000000000001","0.3000000000000001","low-coverage","device","demo"
"cell-1138","3","Dielectric film","film","dielectric over device","0.5","0.56","1.5050000000000001","0.3000000000000001","0.3000000000000001","low-coverage","device","demo"
"cell-1139","3","Dielectric film","film","dielectric over device","0.75","0.56","1.4300000000000002","0.3000000000000001","0.3000000000000001","low-coverage","device","demo"
"cell-1140","3","Dielectric film","film","dielectric over low field","1.0150000000000001","1.04","1.355","1","1","","device","demo"
"cell-1141","3","Dielectric film","film","dielectric over low field","1.01","1.52","1.355","1","1","","device","demo"
"cell-1142","3","Dielectric film","film","dielectric over low field","1.005","1.52","1.4300000000000002","1","1","","device","demo"
"cell-1143","3","Dielectric film","film","dielectric over low field","1.005","1.04","1.5050000000000001","1","1","","device","demo"
"cell-1144","3","Dielectric film","film","dielectric over low field","1.01","0.56","1.5050000000000001","1","1","","device","demo"
"cell-1145","3","Dielectric film","film","dielectric over low field","1.0150000000000001","0.56","1.4300000000000002","1","1","","device","demo"
"cell-1146","3","Dielectric film","film","dielectric over low field","1.755","1.04","1.355","1","1","","device","demo"
"cell-1147","3","Dielectric film","film","dielectric over low field","1.51","1.52","1.355","1","1","","device","demo"
"cell-1148","3","Dielectric film","film","dielectric over low field","1.2650000000000001","1.52","1.4300000000000002","1","1","","device","demo"
"cell-1149","3","Dielectric film","film","dielectric over low field","1.2650000000000001","1.04","1.5050000000000001","1","1","","device","demo"
"cell-1150","3","Dielectric film","film","dielectric over low field","1.51","0.56","1.5050000000000001","1","1","","device","demo"
"cell-1151","3","Dielectric film","film","dielectric over low field","1.755","0.56","1.4300000000000002","1","1","","device","demo"
"cell-1152","0","Void / air","void","exterior air","-1.2650000000000001","-1.04","1.685","","","","device","demo"
"cell-1153","0","Void / air","void","exterior air","-1.5099999999999998","-0.56","1.685","","","","device","demo"
"cell-1154","0","Void / air","void","exterior air","-1.755","-0.56","1.79","","","","device","demo"
"cell-1155","0","Void / air","void","exterior air","-1.755","-1.04","1.895","","","","device","demo"
"cell-1156","0","Void / air","void","exterior air","-1.5099999999999998","-1.52","1.895","","","","device","demo"
"cell-1157","0","Void / air","void","exterior air","-1.2650000000000001","-1.52","1.79","","","","device","demo"
"cell-1158","0","Void / air","void","exterior air","-1.005","-1.04","1.685","","","","device","demo"
"cell-1159","0","Void / air","void","exterior air","-1.01","-0.56","1.685","","","","device","demo"
"cell-1160","0","Void / air","void","exterior air","-1.0150000000000001","-0.56","1.79","","","","device","demo"
"cell-1161","0","Void / air","void","exterior air","-1.0150000000000001","-1.04","1.895","","","","device","demo"
"cell-1162","0","Void / air","void","exterior air","-1.01","-1.52","1.895","","","","device","demo"
"cell-1163","0","Void / air","void","exterior air","-1.005","-1.52","1.79","","","","device","demo"
"cell-1164","0","Void / air","void","exterior air","-0.25","-1.04","1.685","","","","device","demo"
"cell-1165","0","Void / air","void","exterior air","-0.5","-0.56","1.685","","","","device","demo"
"cell-1166","0","Void / air","void","exterior air","-0.75","-0.56","1.79","","","","device","demo"
"cell-1167","0","Void / air","void","exterior air","-0.75","-1.04","1.895","","","","device","demo"
"cell-1168","0","Void / air","void","exterior air","-0.5","-1.52","1.895","","","","device","demo"
"cell-1169","0","Void / air","void","exterior air","-0.25","-1.52","1.79","","","","device","demo"
"cell-1170","0","Void / air","void","exterior air","0.75","-1.04","1.685","","","","device","demo"
"cell-1171","0","Void / air","void","exterior air","0.5","-0.56","1.685","","","","device","demo"
"cell-1172","0","Void / air","void","exterior air","0.25","-0.56","1.79","","","","device","demo"
"cell-1173","0","Void / air","void","exterior air","0.25","-1.04","1.895","","","","device","demo"
"cell-1174","0","Void / air","void","exterior air","0.5","-1.52","1.895","","","","device","demo"
"cell-1175","0","Void / air","void","exterior air","0.75","-1.52","1.79","","","","device","demo"
"cell-1176","0","Void / air","void","exterior air","1.0150000000000001","-1.04","1.685","","","","device","demo"
"cell-1177","0","Void / air","void","exterior air","1.01","-0.56","1.685","","","","device","demo"
"cell-1178","0","Void / air","void","exterior air","1.005","-0.56","1.79","","","","device","demo"
"cell-1179","0","Void / air","void","exterior air","1.005","-1.04","1.895","","","","device","demo"
"cell-1180","0","Void / air","void","exterior air","1.01","-1.52","1.895","","","","device","demo"
"cell-1181","0","Void / air","void","exterior air","1.0150000000000001","-1.52","1.79","","","","device","demo"
"cell-1182","0","Void / air","void","exterior air","1.755","-1.04","1.685","","","","device","demo"
"cell-1183","0","Void / air","void","exterior air","1.51","-0.56","1.685","","","","device","demo"
"cell-1184","0","Void / air","void","exterior air","1.2650000000000001","-0.56","1.79","","","","device","demo"
"cell-1185","0","Void / air","void","exterior air","1.2650000000000001","-1.04","1.895","","","","device","demo"
"cell-1186","0","Void / air","void","exterior air","1.51","-1.52","1.895","","","","device","demo"
"cell-1187","0","Void / air","void","exterior air","1.755","-1.52","1.79","","","","device","demo"
"cell-1188","0","Void / air","void","exterior air","-1.2650000000000001","-0.04","1.685","","","","device","demo"
"cell-1189","0","Void / air","void","exterior air","-1.5099999999999998","-0.02","1.685","","","","device","demo"
"cell-1190","0","Void / air","void","exterior air","-1.755","-0.02","1.79","","","","device","demo"
"cell-1191","0","Void / air","void","exterior air","-1.755","-0.04","1.895","","","","device","demo"
"cell-1192","0","Void / air","void","exterior air","-1.5099999999999998","-0.06","1.895","","","","device","demo"
"cell-1193","0","Void / air","void","exterior air","-1.2650000000000001","-0.06","1.79","","","","device","demo"
"cell-1194","0","Void / air","void","exterior air","-1.005","-0.04","1.685","","","","device","demo"
"cell-1195","0","Void / air","void","exterior air","-1.01","-0.02","1.685","","","","device","demo"
"cell-1196","0","Void / air","void","exterior air","-1.0150000000000001","-0.02","1.79","","","","device","demo"
"cell-1197","0","Void / air","void","exterior air","-1.0150000000000001","-0.04","1.895","","","","device","demo"
"cell-1198","0","Void / air","void","exterior air","-1.01","-0.06","1.895","","","","device","demo"
"cell-1199","0","Void / air","void","exterior air","-1.005","-0.06","1.79","","","","device","demo"
"cell-1200","0","Void / air","void","exterior air","-0.25","-0.04","1.685","","","","device","demo"
"cell-1201","0","Void / air","void","exterior air","-0.5","-0.02","1.685","","","","device","demo"
"cell-1202","0","Void / air","void","exterior air","-0.75","-0.02","1.79","","","","device","demo"
"cell-1203","0","Void / air","void","exterior air","-0.75","-0.04","1.895","","","","device","demo"
"cell-1204","0","Void / air","void","exterior air","-0.5","-0.06","1.895","","","","device","demo"
"cell-1205","0","Void / air","void","exterior air","-0.25","-0.06","1.79","","","","device","demo"
"cell-1206","0","Void / air","void","exterior air","0.75","-0.04","1.685","","","","device","demo"
"cell-1207","0","Void / air","void","exterior air","0.5","-0.02","1.685","","","","device","demo"
"cell-1208","0","Void / air","void","exterior air","0.25","-0.02","1.79","","","","device","demo"
"cell-1209","0","Void / air","void","exterior air","0.25","-0.04","1.895","","","","device","demo"
"cell-1210","0","Void / air","void","exterior air","0.5","-0.06","1.895","","","","device","demo"
"cell-1211","0","Void / air","void","exterior air","0.75","-0.06","1.79","","","","device","demo"
"cell-1212","0","Void / air","void","exterior air","1.0150000000000001","-0.04","1.685","","","","device","demo"
"cell-1213","0","Void / air","void","exterior air","1.01","-0.02","1.685","","","","device","demo"
"cell-1214","0","Void / air","void","exterior air","1.005","-0.02","1.79","","","","device","demo"
"cell-1215","0","Void / air","void","exterior air","1.005","-0.04","1.895","","","","device","demo"
"cell-1216","0","Void / air","void","exterior air","1.01","-0.06","1.895","","","","device","demo"
"cell-1217","0","Void / air","void","exterior air","1.0150000000000001","-0.06","1.79","","","","device","demo"
"cell-1218","0","Void / air","void","exterior air","1.755","-0.04","1.685","","","","device","demo"
"cell-1219","0","Void / air","void","exterior air","1.51","-0.02","1.685","","","","device","demo"
"cell-1220","0","Void / air","void","exterior air","1.2650000000000001","-0.02","1.79","","","","device","demo"
"cell-1221","0","Void / air","void","exterior air","1.2650000000000001","-0.04","1.895","","","","device","demo"
"cell-1222","0","Void / air","void","exterior air","1.51","-0.06","1.895","","","","device","demo"
"cell-1223","0","Void / air","void","exterior air","1.755","-0.06","1.79","","","","device","demo"
"cell-1224","0","Void / air","void","exterior air","-1.2650000000000001","0.04","1.685","","","","device","demo"
"cell-1225","0","Void / air","void","exterior air","-1.5099999999999998","0.06","1.685","","","","device","demo"
"cell-1226","0","Void / air","void","exterior air","-1.755","0.06","1.79","","","","device","demo"
"cell-1227","0","Void / air","void","exterior air","-1.755","0.04","1.895","","","","device","demo"
"cell-1228","0","Void / air","void","exterior air","-1.5099999999999998","0.02","1.895","","","","device","demo"
"cell-1229","0","Void / air","void","exterior air","-1.2650000000000001","0.02","1.79","","","","device","demo"
"cell-1230","0","Void / air","void","exterior air","-1.005","0.04","1.685","","","","device","demo"
"cell-1231","0","Void / air","void","exterior air","-1.01","0.06","1.685","","","","device","demo"
"cell-1232","0","Void / air","void","exterior air","-1.0150000000000001","0.06","1.79","","","","device","demo"
"cell-1233","0","Void / air","void","exterior air","-1.0150000000000001","0.04","1.895","","","","device","demo"
"cell-1234","0","Void / air","void","exterior air","-1.01","0.02","1.895","","","","device","demo"
"cell-1235","0","Void / air","void","exterior air","-1.005","0.02","1.79","","","","device","demo"
"cell-1236","0","Void / air","void","exterior air","-0.25","0.04","1.685","","","","device","demo"
"cell-1237","0","Void / air","void","exterior air","-0.5","0.06","1.685","","","","device","demo"
"cell-1238","0","Void / air","void","exterior air","-0.75","0.06","1.79","","","","device","demo"
"cell-1239","0","Void / air","void","exterior air","-0.75","0.04","1.895","","","","device","demo"
"cell-1240","0","Void / air","void","exterior air","-0.5","0.02","1.895","","","","device","demo"
"cell-1241","0","Void / air","void","exterior air","-0.25","0.02","1.79","","","","device","demo"
"cell-1242","0","Void / air","void","exterior air","0.75","0.04","1.685","","","","device","demo"
"cell-1243","0","Void / air","void","exterior air","0.5","0.06","1.685","","","","device","demo"
"cell-1244","0","Void / air","void","exterior air","0.25","0.06","1.79","","","","device","demo"
"cell-1245","0","Void / air","void","exterior air","0.25","0.04","1.895","","","","device","demo"
"cell-1246","0","Void / air","void","exterior air","0.5","0.02","1.895","","","","device","demo"
"cell-1247","0","Void / air","void","exterior air","0.75","0.02","1.79","","","","device","demo"
"cell-1248","0","Void / air","void","exterior air","1.0150000000000001","0.04","1.685","","","","device","demo"
"cell-1249","0","Void / air","void","exterior air","1.01","0.06","1.685","","","","device","demo"
"cell-1250","0","Void / air","void","exterior air","1.005","0.06","1.79","","","","device","demo"
"cell-1251","0","Void / air","void","exterior air","1.005","0.04","1.895","","","","device","demo"
"cell-1252","0","Void / air","void","exterior air","1.01","0.02","1.895","","","","device","demo"
"cell-1253","0","Void / air","void","exterior air","1.0150000000000001","0.02","1.79","","","","device","demo"
"cell-1254","0","Void / air","void","exterior air","1.755","0.04","1.685","","","","device","demo"
"cell-1255","0","Void / air","void","exterior air","1.51","0.06","1.685","","","","device","demo"
"cell-1256","0","Void / air","void","exterior air","1.2650000000000001","0.06","1.79","","","","device","demo"
"cell-1257","0","Void / air","void","exterior air","1.2650000000000001","0.04","1.895","","","","device","demo"
"cell-1258","0","Void / air","void","exterior air","1.51","0.02","1.895","","","","device","demo"
"cell-1259","0","Void / air","void","exterior air","1.755","0.02","1.79","","","","device","demo"
"cell-1260","0","Void / air","void","exterior air","-1.2650000000000001","1.04","1.685","","","","device","demo"
"cell-1261","0","Void / air","void","exterior air","-1.5099999999999998","1.52","1.685","","","","device","demo"
"cell-1262","0","Void / air","void","exterior air","-1.755","1.52","1.79","","","","device","demo"
"cell-1263","0","Void / air","void","exterior air","-1.755","1.04","1.895","","","","device","demo"
"cell-1264","0","Void / air","void","exterior air","-1.5099999999999998","0.56","1.895","","","","device","demo"
"cell-1265","0","Void / air","void","exterior air","-1.2650000000000001","0.56","1.79","","","","device","demo"
"cell-1266","0","Void / air","void","exterior air","-1.005","1.04","1.685","","","","device","demo"
"cell-1267","0","Void / air","void","exterior air","-1.01","1.52","1.685","","","","device","demo"
"cell-1268","0","Void / air","void","exterior air","-1.0150000000000001","1.52","1.79","","","","device","demo"
"cell-1269","0","Void / air","void","exterior air","-1.0150000000000001","1.04","1.895","","","","device","demo"
"cell-1270","0","Void / air","void","exterior air","-1.01","0.56","1.895","","","","device","demo"
"cell-1271","0","Void / air","void","exterior air","-1.005","0.56","1.79","","","","device","demo"
"cell-1272","0","Void / air","void","exterior air","-0.25","1.04","1.685","","","","device","demo"
"cell-1273","0","Void / air","void","exterior air","-0.5","1.52","1.685","","","","device","demo"
"cell-1274","0","Void / air","void","exterior air","-0.75","1.52","1.79","","","","device","demo"
"cell-1275","0","Void / air","void","exterior air","-0.75","1.04","1.895","","","","device","demo"
"cell-1276","0","Void / air","void","exterior air","-0.5","0.56","1.895","","","","device","demo"
"cell-1277","0","Void / air","void","exterior air","-0.25","0.56","1.79","","","","device","demo"
"cell-1278","0","Void / air","void","exterior air","0.75","1.04","1.685","","","","device","demo"
"cell-1279","0","Void / air","void","exterior air","0.5","1.52","1.685","","","","device","demo"
"cell-1280","0","Void / air","void","exterior air","0.25","1.52","1.79","","","","device","demo"
"cell-1281","0","Void / air","void","exterior air","0.25","1.04","1.895","","","","device","demo"
"cell-1282","0","Void / air","void","exterior air","0.5","0.56","1.895","","","","device","demo"
"cell-1283","0","Void / air","void","exterior air","0.75","0.56","1.79","","","","device","demo"
"cell-1284","0","Void / air","void","exterior air","1.0150000000000001","1.04","1.685","","","","device","demo"
"cell-1285","0","Void / air","void","exterior air","1.01","1.52","1.685","","","","device","demo"
"cell-1286","0","Void / air","void","exterior air","1.005","1.52","1.79","","","","device","demo"
"cell-1287","0","Void / air","void","exterior air","1.005","1.04","1.895","","","","device","demo"
"cell-1288","0","Void / air","void","exterior air","1.01","0.56","1.895","","","","device","demo"
"cell-1289","0","Void / air","void","exterior air","1.0150000000000001","0.56","1.79","","","","device","demo"
"cell-1290","0","Void / air","void","exterior air","1.755","1.04","1.685","","","","device","demo"
"cell-1291","0","Void / air","void","exterior air","1.51","1.52","1.685","","","","device","demo"
"cell-1292","0","Void / air","void","exterior air","1.2650000000000001","1.52","1.79","","","","device","demo"
"cell-1293","0","Void / air","void","exterior air","1.2650000000000001","1.04","1.895","","","","device","demo"
"cell-1294","0","Void / air","void","exterior air","1.51","0.56","1.895","","","","device","demo"
"cell-1295","0","Void / air","void","exterior air","1.755","0.56","1.79","","","","device","demo"